scope,condition,seed,threshold,margin,paths,prefinal_commits,prefinal_errors,prefinal_committed_error_rate,committed_state_coverage,committed_revision_rate_per_path,revision_opportunities,revision_rate_per_opportunity,premature_exposure_rate,stage_two_path_coverage,time_to_first_commit,final_state_identity,stage1_committed_count,stage1_coverage,stage1_errors,stage1_committed_error_rate,stage2_committed_count,stage2_coverage,stage2_errors,stage2_committed_error_rate
official_test,B2,1,0.0,0.0,6204,12408,5400,0.43520309477756286,1.0,0.630722114764668,12408,0.315361057382334,0.26998710509348806,1.0,1.0,1.0,6204,1.0,2960,0.4771115409413282,6204,1.0,2440,0.39329464861379754
official_test,B2,1,0.01,0.0,6204,12253,5340,0.43581163796621236,0.9875080593165699,0.6123468729851709,12253,0.31004651921978293,0.26531270148291425,0.9995164410058027,1.0249838813668601,1.0,6052,0.9754996776273372,2890,0.47752808988764045,6201,0.9995164410058027,2450,0.39509756490888565
official_test,B2,1,0.02,0.0,6204,12089,5254,0.4346099760112499,0.974290780141844,0.5941328175370728,12089,0.30490528579700554,0.25918762088974856,0.9985493230174082,1.051418439716312,1.0,5894,0.9500322372662798,2794,0.4740413980318968,6195,0.9985493230174082,2460,0.39709443099273606
official_test,B2,1,0.03,0.0,6204,11918,5171,0.4338815237455949,0.9605093488072212,0.5764023210831721,11918,0.3000503440174526,0.25499677627337203,0.995164410058027,1.0789813023855577,1.0,5744,0.9258542875564152,2724,0.4742339832869081,6174,0.995164410058027,2447,0.3963394881762229
official_test,B2,1,0.04,0.0,6204,11778,5111,0.4339446425539141,0.9492263056092843,0.5615731785944552,11778,0.2958057395143488,0.2514506769825919,0.9925854287556415,1.1015473887814313,1.0,5620,0.9058671824629272,2664,0.4740213523131673,6158,0.9925854287556415,2447,0.39736927573887626
official_test,B2,1,0.05,0.0,6204,11623,5039,0.43353695259399466,0.9367343649258543,0.5438426821405545,11623,0.2902865009033812,0.24725983236621535,0.9885557704706641,1.1265312701482915,1.0,5490,0.8849129593810445,2598,0.473224043715847,6133,0.9885557704706641,2441,0.3980107614544269
official_test,B2,1,0.06,0.0,6204,11476,4966,0.432729173928198,0.9248871695680206,0.5277240490006447,11476,0.28529104217497386,0.24242424242424243,0.9842037395228884,1.1502256608639587,1.0,5370,0.8655705996131529,2536,0.4722532588454376,6106,0.9842037395228884,2430,0.3979692106125123
official_test,B2,1,0.07,0.0,6204,11301,4891,0.4327935580922042,0.9107833655705996,0.513217279174726,11301,0.2817449783205026,0.23839458413926498,0.9782398452611218,1.1784332688588008,1.0,5232,0.8433268858800773,2470,0.4720948012232416,6069,0.9782398452611218,2421,0.39891250617894214
official_test,B2,1,0.08,0.0,6204,11091,4805,0.43323415381841135,0.8938588007736944,0.498388136686009,11091,0.27878460012622847,0.23372018052869117,0.970180528691167,1.2122823984526112,1.0,5072,0.8175370728562218,2402,0.47358044164037855,6019,0.970180528691167,2403,0.3992357534474165
official_test,B2,1,0.09,0.0,6204,10950,4731,0.43205479452054796,0.882495164410058,0.4858156028368794,10950,0.2752511415525114,0.22936814958091553,0.9648613797549968,1.235009671179884,1.0,4964,0.8001289490651193,2342,0.4717969379532635,5986,0.9648613797549968,2389,0.39909789508853993
official_test,B2,1,0.1,0.0,6204,10775,4665,0.43294663573085845,0.868391360412637,0.4738878143133462,10775,0.2728538283062645,0.2261444229529336,0.9576079948420374,1.263217279174726,1.0,4834,0.7791747259832367,2284,0.4724865535788167,5941,0.9576079948420374,2381,0.400774280424171
official_test,B2,1,0.11,0.0,6204,10583,4572,0.43201360672777095,0.8529174725983236,0.4590586718246293,10583,0.2691108381366342,0.22275950999355254,0.9482591876208898,1.2941650548033528,1.0,4700,0.7575757575757576,2212,0.4706382978723404,5883,0.9482591876208898,2360,0.4011558728539861
official_test,B2,1,0.12,0.0,6204,10405,4499,0.432388274867852,0.838571889103804,0.4464861379754997,10405,0.26621816434406537,0.21840747904577693,0.9395551257253385,1.322856221792392,1.0,4576,0.7375886524822695,2156,0.47115384615384615,5829,0.9395551257253385,2343,0.40195573854863614
official_test,B2,1,0.13,0.0,6204,10228,4429,0.43302698474775125,0.8243068987749839,0.4355254674403611,10228,0.26417676965193587,0.21534493874919408,0.9306898774983882,1.3513862024500323,1.0,4454,0.7179239200515797,2106,0.4728334081724293,5774,0.9306898774983882,2323,0.4023207481815033
official_test,B2,1,0.14,0.0,6204,10061,4373,0.4346486432760163,0.8108478401031592,0.42472598323662153,10061,0.26190239538813237,0.21244358478401032,0.9221470019342359,1.3783043197936815,1.0,4340,0.6995486782720826,2064,0.47557603686635946,5721,0.9221470019342359,2309,0.4036007690963118
official_test,B2,1,0.15,0.0,6204,9859,4289,0.43503397910538594,0.7945680206318504,0.41166989039329466,9859,0.2590526422558069,0.2071244358478401,0.910541586073501,1.4108639587362992,1.0,4210,0.6785944551901999,2004,0.47600950118764845,5649,0.910541586073501,2285,0.40449637103912195
official_test,B2,1,0.16,0.0,6204,9692,4226,0.43602971522905487,0.7811089619600258,0.4016763378465506,9692,0.25711927362773423,0.20261121856866537,0.9003868471953579,1.4377820760799485,1.0,4106,0.6618310767246938,1956,0.47637603507062837,5586,0.9003868471953579,2270,0.4063730755460079
official_test,B2,1,0.17,0.0,6204,9545,4162,0.4360398114195914,0.7692617666021921,0.3915215989684075,9545,0.2544787847040335,0.19987105093488072,0.8915215989684074,1.4614764667956157,1.0,4014,0.6470019342359767,1912,0.4763328350772297,5531,0.8915215989684074,2250,0.40679804736937264
official_test,B2,1,0.18,0.0,6204,9344,4085,0.4371789383561644,0.7530625402965828,0.38104448742746616,9344,0.2529965753424658,0.1950354609929078,0.8794326241134752,1.4938749194068344,1.0,3888,0.6266924564796905,1862,0.47890946502057613,5456,0.8794326241134752,2223,0.40744134897360706
official_test,B2,1,0.19,0.0,6204,9151,3997,0.43678286526062726,0.7375080593165699,0.365892972275951,9151,0.24806032127636324,0.19052224371373308,0.8660541586073501,1.5249838813668601,1.0,3778,0.6089619600257898,1800,0.4764425622022234,5373,0.8660541586073501,2197,0.4088963335194491
official_test,B2,1,0.2,0.0,6204,8984,3940,0.4385574354407836,0.7240490006447453,0.35718891038039974,8984,0.2466607301869991,0.18745970341715024,0.8536428110896196,1.5519019987105094,1.0,3688,0.594455190199871,1768,0.4793926247288503,5296,0.8536428110896196,2172,0.41012084592145015
official_test,B2,1,0.21,0.0,6204,8842,3893,0.44028500339289756,0.7126047711154094,0.35025789813023855,8842,0.24575887808188193,0.18536428110896197,0.8439716312056738,1.5747904577691811,1.0,3606,0.5812379110251451,1738,0.4819744869661675,5236,0.8439716312056738,2155,0.4115737203972498
official_test,B2,1,0.22,0.0,6204,8673,3826,0.44113916753141935,0.6989845261121856,0.3405867182462927,8673,0.24362965525193128,0.18133462282398452,0.8305931656995487,1.6020309477756287,1.0,3520,0.5673758865248227,1698,0.4823863636363636,5153,0.8305931656995487,2128,0.412963322336503
official_test,B2,1,0.23,0.0,6204,8522,3775,0.44297113353672846,0.6868149580915538,0.3334945196647324,8522,0.24278338418211687,0.17827208252740168,0.8197936814958091,1.6263700838168924,1.0,3436,0.5538362346872985,1666,0.4848661233993015,5086,0.8197936814958091,2109,0.41466771529689345
official_test,B2,1,0.24,0.0,6204,8359,3722,0.44526857279578896,0.6736782720825274,0.3246292714377821,8359,0.24093791123340114,0.17472598323662153,0.806415215989684,1.6526434558349452,1.0,3356,0.5409413281753708,1636,0.48748510131108463,5003,0.806415215989684,2086,0.4169498301019388
official_test,B2,1,0.25,0.0,6204,8159,3637,0.4457654124279936,0.6575596389426177,0.3165699548678272,8159,0.24071577399191077,0.1710186976144423,0.7925531914893617,1.6848807221147646,1.0,3242,0.5225660863958737,1586,0.4892041949413942,4917,0.7925531914893617,2051,0.41712426276184666
official_test,B2,1,0.26,0.0,6204,8007,3561,0.44473585612588984,0.6453094777562862,0.30754352030947774,8007,0.2382914949419258,0.16795615731785946,0.7790135396518375,1.7093810444874276,1.0,3174,0.511605415860735,1554,0.4896030245746692,4833,0.7790135396518375,2007,0.41527001862197394
official_test,B2,1,0.27,0.0,6204,7858,3492,0.4443878849580046,0.6333010960670535,0.3002901353965184,7858,0.23708322728429626,0.1642488716956802,0.768214055448098,1.733397807865893,1.0,3092,0.498388136686009,1510,0.4883570504527814,4766,0.768214055448098,1982,0.41586235837180024
official_test,B2,1,0.28,0.0,6204,7728,3441,0.4452639751552795,0.6228239845261122,0.2935203094777563,7728,0.23563664596273293,0.16215344938749193,0.7591876208897486,1.7543520309477756,1.0,3018,0.4864603481624758,1476,0.48906560636182905,4710,0.7591876208897486,1965,0.4171974522292994
official_test,B2,1,0.29,0.0,6204,7595,3395,0.4470046082949309,0.6121050934880722,0.28803997421018696,7595,0.23528637261356156,0.16021921341070278,0.7487105093488072,1.7757898130238556,1.0,2950,0.4754996776273372,1454,0.4928813559322034,4645,0.7487105093488072,1941,0.41786867599569427
official_test,B2,1,0.3,0.0,6204,7466,3350,0.44870077685507637,0.6017085751128304,0.28255963894261765,7466,0.2347977497990892,0.1579626047711154,0.7382333978078659,1.7965828497743392,1.0,2886,0.46518375241779497,1424,0.4934164934164934,4580,0.7382333978078659,1926,0.42052401746724893
official_test,B2,1,0.31,0.0,6204,7354,3300,0.4487353821049769,0.592682140554481,0.2767569310122502,7354,0.23347837911340766,0.15554480980012894,0.7285622179239201,1.814635718891038,1.0,2834,0.4568020631850419,1398,0.49329569513055754,4520,0.7285622179239201,1902,0.4207964601769911
official_test,B2,1,0.32,0.0,6204,7235,3242,0.4480995162404976,0.5830915538362347,0.2696647324306899,7235,0.2312370421561852,0.15232108317214701,0.718407479045777,1.8338168923275306,1.0,2778,0.44777562862669246,1368,0.4924406047516199,4457,0.718407479045777,1874,0.4204621943010994
official_test,B2,1,0.33,0.0,6204,7074,3178,0.4492507774950523,0.5701160541586073,0.263217279174726,7074,0.23084534916595986,0.14958091553836234,0.7040618955512572,1.8597678916827853,1.0,2706,0.43617021276595747,1342,0.4959349593495935,4368,0.7040618955512572,1836,0.42032967032967034
official_test,B2,1,0.34,0.0,6204,6925,3114,0.4496750902527076,0.5581076724693746,0.2562862669245648,6925,0.2296028880866426,0.14748549323017407,0.6926176660219213,1.8837846550612507,1.0,2628,0.42359767891682787,1310,0.4984779299847793,4297,0.6926176660219213,1804,0.4198277868280195
official_test,B2,1,0.35,0.0,6204,6796,3065,0.45100058858151854,0.5477111540941328,0.25128949065119277,6796,0.22939964685108888,0.14490651192778853,0.6795615731785944,1.9045776918117343,1.0,2580,0.4158607350096712,1286,0.49844961240310076,4216,0.6795615731785944,1779,0.4219639468690702
official_test,B2,1,0.36,0.0,6204,6644,3009,0.4528898254063817,0.5354609929078015,0.24580915538362347,6644,0.22953040337146297,0.14184397163120568,0.6656995486782721,1.929078014184397,1.0,2514,0.40522243713733075,1264,0.5027844073190135,4130,0.6656995486782721,1745,0.4225181598062954
official_test,B2,1,0.37,0.0,6204,6507,2949,0.4532042415859843,0.5244197292069632,0.23952288845905867,6507,0.22836944828646075,0.1387814313346228,0.6532882011605415,1.9511605415860735,1.0,2454,0.3955512572533849,1236,0.5036674816625917,4053,0.6532882011605415,1713,0.4226498889711325
official_test,B2,1,0.38,0.0,6204,6368,2885,0.4530464824120603,0.513217279174726,0.2330754352030948,6368,0.22707286432160803,0.13571889103803997,0.6395873629916183,1.973565441650548,1.0,2400,0.38684719535783363,1208,0.5033333333333333,3968,0.6395873629916183,1677,0.42263104838709675
official_test,B2,1,0.39,0.0,6204,6230,2807,0.45056179775280897,0.5020954223081883,0.22856221792392006,6230,0.2276083467094703,0.1339458413926499,0.6263700838168923,1.9958091553836235,1.0,2344,0.3778207607994842,1174,0.5008532423208191,3886,0.6263700838168923,1633,0.4202264539372105
official_test,B2,1,0.4,0.0,6204,6143,2775,0.4517336806120788,0.49508381689232756,0.22275950999355254,6143,0.22497151229041185,0.13152804642166344,0.619116698903933,2.009832366215345,1.0,2302,0.3710509348807221,1154,0.5013032145960035,3841,0.619116698903933,1621,0.4220255141890133
official_test,B2,1,0.41,0.0,6204,6045,2741,0.4534325889164599,0.48718568665377177,0.220180528691167,6045,0.22597187758478082,0.12991618310767247,0.6107350096711799,2.0256286266924564,1.0,2256,0.36363636363636365,1132,0.50177304964539,3789,0.6107350096711799,1609,0.424650303510161
official_test,B2,1,0.42,0.0,6204,5924,2709,0.4572923700202566,0.47743391360412635,0.21598968407479047,5924,0.2261985145172181,0.1292714377820761,0.5989684074790458,2.0451321727917473,1.0,2208,0.35589941972920697,1116,0.5054347826086957,3716,0.5989684074790458,1593,0.42868675995694294
official_test,B2,1,0.43,0.0,6204,5801,2653,0.457334942251336,0.4675209542230819,0.21018697614442294,5801,0.22478882951215307,0.12685364281108963,0.5888136686009027,2.0649580915538364,1.0,2148,0.34622823984526113,1086,0.505586592178771,3653,0.5888136686009027,1567,0.42896249657815494
official_test,B2,1,0.44,0.0,6204,5672,2595,0.45751057827926656,0.4571244358478401,0.20502901353965183,5672,0.22425952045133993,0.12395228884590587,0.5770470664087686,2.0857511283043197,1.0,2092,0.3372018052869117,1058,0.505736137667304,3580,0.5770470664087686,1537,0.4293296089385475
official_test,B2,1,0.45,0.0,6204,5579,2567,0.46011830077074745,0.4496292714377821,0.2008381689232753,5579,0.2233375156838143,0.12250161186331399,0.5688265635074146,2.100741457124436,1.0,2050,0.33043197936814955,1038,0.5063414634146342,3529,0.5688265635074146,1529,0.4332672145083593
official_test,B2,1,0.46,0.0,6204,5439,2514,0.4622173193601765,0.43834622823984526,0.19600257898130238,5439,0.223570509284795,0.12105093488072212,0.5552869116698904,2.1233075435203093,1.0,1994,0.3214055448098001,1014,0.5085255767301906,3445,0.5552869116698904,1500,0.43541364296081275
official_test,B2,1,0.47,0.0,6204,5310,2462,0.46365348399246703,0.42794970986460346,0.19294003868471954,5310,0.22542372881355932,0.11976144422952933,0.5425531914893617,2.144100580270793,1.0,1944,0.31334622823984526,994,0.5113168724279835,3366,0.5425531914893617,1468,0.43612596553773025
official_test,B2,1,0.48,0.0,6204,5238,2438,0.4654448262695685,0.422147001934236,0.19068343004513216,5238,0.2258495609011073,0.11879432624113476,0.5351386202450032,2.155705996131528,1.0,1918,0.3091553836234687,988,0.5151199165797706,3320,0.5351386202450032,1450,0.4367469879518072
official_test,B2,1,0.49,0.0,6204,5130,2378,0.4635477582846004,0.4134429400386847,0.18488072211476467,5130,0.22358674463937622,0.1155705996131528,0.52321083172147,2.1731141199226305,1.0,1884,0.3036750483558994,966,0.5127388535031847,3246,0.52321083172147,1412,0.4349969192852742
official_test,B2,1,0.5,0.0,6204,5015,2346,0.46779661016949153,0.4041747259832366,0.17940038684719536,5015,0.22193419740777667,0.11395873629916183,0.5117666021921341,2.1916505480335267,1.0,1840,0.29658284977433913,954,0.5184782608695652,3175,0.5117666021921341,1392,0.4384251968503937
official_test,B2,1,0.51,0.0,6204,4886,2296,0.4699140401146132,0.39377820760799487,0.17472598323662153,4886,0.22185837085550553,0.11137975499677627,0.4996776273372018,2.2124435847840105,1.0,1786,0.2878787878787879,936,0.5240761478163494,3100,0.4996776273372018,1360,0.43870967741935485
official_test,B2,1,0.52,0.0,6204,4765,2239,0.46988457502623293,0.38402643455834945,0.1698903932946486,4765,0.221196222455404,0.10815602836879433,0.4882333978078659,2.231947130883301,1.0,1736,0.279819471308833,912,0.5253456221198156,3029,0.4882333978078659,1327,0.4380983823043909
official_test,B2,1,0.53,0.0,6204,4665,2184,0.4681672025723473,0.3759671179883946,0.16521598968407478,4665,0.21972132904608788,0.10477111540941328,0.47920696324951645,2.248065764023211,1.0,1692,0.2727272727272727,888,0.524822695035461,2973,0.47920696324951645,1296,0.43592330978809285
official_test,B2,1,0.54,0.0,6204,4573,2141,0.4681828121583206,0.3685525467440361,0.16215344938749193,4573,0.21998687951016838,0.1029980657640232,0.4692134107027724,2.262894906511928,1.0,1662,0.2678916827852998,870,0.5234657039711191,2911,0.4692134107027724,1271,0.43661971830985913
official_test,B2,1,0.55,0.0,6204,4439,2077,0.46789817526469923,0.3577530625402966,0.15892972275951,4439,0.22212209957197568,0.10138620245003224,0.45631850419084463,2.284493874919407,1.0,1608,0.25918762088974856,844,0.5248756218905473,2831,0.45631850419084463,1233,0.4355351465913105
official_test,B2,1,0.56,0.0,6204,4344,2035,0.4684622467771639,0.35009671179883944,0.15635074145712444,4344,0.22329650092081033,0.09993552546744036,0.4464861379754997,2.2998065764023212,1.0,1574,0.25370728562217926,830,0.5273189326556544,2770,0.4464861379754997,1205,0.43501805054151627
official_test,B2,1,0.57,0.0,6204,4259,1997,0.4688894106597793,0.34324629271437784,0.15312701482914248,4259,0.22305705564686545,0.09800128949065119,0.43762088974854935,2.3135074145712444,1.0,1544,0.2488716956802063,816,0.5284974093264249,2715,0.43762088974854935,1181,0.43499079189686923
official_test,B2,1,0.58,0.0,6204,4165,1954,0.46914765906362543,0.3356705351386202,0.14958091553836234,4165,0.2228091236494598,0.09590586718246293,0.4282720825274017,2.3286589297227596,1.0,1508,0.24306898774983882,798,0.5291777188328912,2657,0.4282720825274017,1156,0.43507715468573577
official_test,B2,1,0.59,0.0,6204,4081,1910,0.4680225434942416,0.32890070921985815,0.14571244358478402,4081,0.2215143347218819,0.09235976789168278,0.41956802063185045,2.3421985815602837,1.0,1478,0.2382333978078659,778,0.5263870094722598,2603,0.41956802063185045,1132,0.434882827506723
official_test,B2,1,0.6,0.0,6204,3982,1861,0.46735308890005023,0.32092198581560283,0.1403932946486138,3982,0.21873430436966348,0.08929722759509993,0.41005802707930367,2.358156028368794,1.0,1438,0.231785944551902,758,0.5271210013908206,2544,0.41005802707930367,1103,0.4335691823899371
official_test,B2,1,0.61,0.0,6204,3909,1821,0.4658480429777437,0.3150386847195358,0.13668600902643455,3909,0.21693527756459452,0.08736299161831076,0.4031270148291425,2.3699226305609282,1.0,1408,0.22695035460992907,742,0.5269886363636364,2501,0.4031270148291425,1079,0.43142742902838865
official_test,B2,1,0.62,0.0,6204,3778,1754,0.46426680783483326,0.3044809800128949,0.13185041908446163,3778,0.21651667548967707,0.0852675693101225,0.39103803997421016,2.39103803997421,1.0,1352,0.21792392005157962,708,0.5236686390532544,2426,0.39103803997421016,1046,0.4311624072547403
official_test,B2,1,0.63,0.0,6204,3687,1709,0.4635204773528614,0.297147001934236,0.12749838813668601,3687,0.21453756441551397,0.08268858800773694,0.3828175370728562,2.405705996131528,1.0,1312,0.21147646679561574,686,0.5228658536585366,2375,0.3828175370728562,1023,0.43073684210526314
official_test,B2,1,0.64,0.0,6204,3607,1682,0.466315497643471,0.2906995486782721,0.12540296582849775,3607,0.21569171056279457,0.08172147001934237,0.37443584784010314,2.4186009026434556,1.0,1284,0.20696324951644102,672,0.5233644859813084,2323,0.37443584784010314,1010,0.43478260869565216
official_test,B2,1,0.65,0.0,6204,3534,1646,0.46576117713638937,0.28481624758220503,0.12105093488072212,3534,0.2125070741369553,0.0796260477111541,0.36750483558994196,2.4303675048355897,1.0,1254,0.20212765957446807,654,0.5215311004784688,2280,0.36750483558994196,992,0.43508771929824563
official_test,B2,1,0.66,0.0,6204,3433,1608,0.4683949898048354,0.2766763378465506,0.11831076724693745,3433,0.21380716574424702,0.07736943907156674,0.357672469374597,2.4466473243068987,1.0,1214,0.1956802063185042,632,0.5205930807248764,2219,0.357672469374597,976,0.4398377647589004
official_test,B2,1,0.67,0.0,6204,3328,1539,0.46243990384615385,0.268214055448098,0.11202450032237267,3328,0.2088341346153846,0.0731785944551902,0.3468729851708575,2.463571889103804,1.0,1176,0.1895551257253385,602,0.5119047619047619,2152,0.3468729851708575,937,0.4354089219330855
official_test,B2,1,0.68,0.0,6204,3254,1517,0.46619545175169025,0.2622501611863314,0.1096067053513862,3254,0.20897357098955133,0.07237266279819471,0.3388136686009026,2.475499677627337,1.0,1152,0.18568665377176016,596,0.5173611111111112,2102,0.3388136686009026,921,0.43815413891531874
official_test,B2,1,0.69,0.0,6204,3181,1474,0.4633762967620245,0.2563668600902643,0.10622179239200516,3181,0.20716755737189563,0.06963249516441006,0.33188265635074143,2.487266279819471,1.0,1122,0.18085106382978725,576,0.5133689839572193,2059,0.33188265635074143,898,0.4361340456532297
official_test,B2,1,0.7,0.0,6204,3088,1418,0.45919689119170987,0.2488716956802063,0.10203094777562863,3088,0.20498704663212436,0.06753707285622179,0.3230174081237911,2.502256608639587,1.0,1084,0.17472598323662153,552,0.5092250922509225,2004,0.3230174081237911,866,0.43213572854291415
official_test,B2,1,0.71,0.0,6204,3027,1392,0.45986124876114964,0.24395551257253384,0.097678916827853,3027,0.2001982160555005,0.06560283687943262,0.3167311411992263,2.512088974854932,1.0,1062,0.17117988394584138,538,0.5065913370998116,1965,0.3167311411992263,854,0.4346055979643766
official_test,B2,1,0.72,0.0,6204,2938,1353,0.46051735874744726,0.23678272082527402,0.09526112185686654,2938,0.2011572498298162,0.06447453255963895,0.3065764023210832,2.526434558349452,1.0,1036,0.16698903932946485,526,0.5077220077220077,1902,0.3065764023210832,827,0.43480546792849634
official_test,B2,1,0.73,0.0,6204,2872,1316,0.4582172701949861,0.2314635718891038,0.09203739522888459,2872,0.19881615598885793,0.06286266924564797,0.29980657640232106,2.5370728562217923,1.0,1012,0.16312056737588654,514,0.5079051383399209,1860,0.29980657640232106,802,0.4311827956989247
official_test,B2,1,0.74,0.0,6204,2825,1304,0.4615929203539823,0.227675693101225,0.0912314635718891,2825,0.20035398230088497,0.062379110251450674,0.29545454545454547,2.54464861379755,1.0,992,0.15989684074790458,506,0.5100806451612904,1833,0.29545454545454547,798,0.4353518821603928
official_test,B2,1,0.75,0.0,6204,2755,1261,0.4577132486388385,0.2220341715022566,0.08784655061250805,2755,0.19782214156079855,0.059961315280464215,0.2893294648613798,2.5559316569954866,1.0,960,0.15473887814313347,488,0.5083333333333333,1795,0.2893294648613798,773,0.4306406685236769
official_test,B2,1,0.76,0.0,6204,2683,1215,0.4528512858740216,0.2162314635718891,0.08301096067053514,2683,0.19194931047335073,0.05705996131528046,0.28191489361702127,2.5675370728562217,1.0,934,0.15054803352675694,468,0.5010706638115632,1749,0.28191489361702127,747,0.42710120068610635
official_test,B2,1,0.77,0.0,6204,2580,1172,0.4542635658914729,0.2079303675048356,0.0797872340425532,2580,0.19186046511627908,0.0548033526756931,0.27079303675048355,2.5841392649903288,1.0,900,0.1450676982591876,456,0.5066666666666667,1680,0.27079303675048355,716,0.4261904761904762
official_test,B2,1,0.78,0.0,6204,2503,1135,0.45345585297642826,0.20172469374597035,0.07656350741457124,2503,0.18977227327207352,0.05351386202450032,0.2622501611863314,2.5965506125080595,1.0,876,0.14119922630560927,444,0.5068493150684932,1627,0.2622501611863314,691,0.42470805162876457
official_test,B2,1,0.79,0.0,6204,2393,1076,0.4496447973255328,0.19285944551901998,0.07124435847840103,2393,0.18470539072294193,0.05077369439071567,0.2506447453255964,2.61428110896196,1.0,838,0.13507414571244358,422,0.5035799522673031,1555,0.2506447453255964,654,0.42057877813504824
official_test,B2,1,0.8,0.0,6204,2345,1044,0.44520255863539443,0.18899097356544164,0.06914893617021277,2345,0.18294243070362473,0.049000644745325596,0.2448420373952289,2.622018052869117,1.0,826,0.13313990973565443,412,0.49878934624697335,1519,0.2448420373952289,632,0.4160631994733377
official_test,B2,1,0.81,0.0,6204,2272,1012,0.4454225352112676,0.1831076724693746,0.06753707285622179,2272,0.18441901408450703,0.047388781431334626,0.23726627981947132,2.633784655061251,1.0,800,0.1289490651192779,400,0.5,1472,0.23726627981947132,612,0.4157608695652174
official_test,B2,1,0.82,0.0,6204,2180,955,0.4380733944954128,0.1756931012250161,0.06205673758865248,2180,0.17660550458715596,0.04448742746615087,0.22856221792392006,2.648613797549968,1.0,762,0.12282398452611218,376,0.49343832020997375,1418,0.22856221792392006,579,0.4083215796897038
official_test,B2,1,0.83,0.0,6204,2097,898,0.42823080591320933,0.1690038684719536,0.05899419729206963,2097,0.17453505007153075,0.04142488716956802,0.2200193423597679,2.661992263056093,1.0,732,0.11798839458413926,354,0.48360655737704916,1365,0.2200193423597679,544,0.39853479853479856
official_test,B2,1,0.84,0.0,6204,2016,856,0.4246031746031746,0.16247582205029013,0.05560928433268859,2016,0.17113095238095238,0.03916827852998066,0.21115409413281755,2.6750483558994196,1.0,706,0.11379754996776273,338,0.47875354107648727,1310,0.21115409413281755,518,0.39541984732824426
official_test,B2,1,0.85,0.0,6204,1946,811,0.41675231243576566,0.15683430045132174,0.05222437137330754,1946,0.16649537512846865,0.0367504835589942,0.20470664087685364,2.6863313990973565,1.0,676,0.10896196002578981,320,0.47337278106508873,1270,0.20470664087685364,491,0.38661417322834646
official_test,B2,1,0.86,0.0,6204,1872,774,0.41346153846153844,0.15087040618955513,0.05012894906511928,1872,0.16613247863247863,0.03513862024500322,0.19825918762088976,2.6982591876208897,1.0,642,0.10348162475822051,304,0.4735202492211838,1230,0.19825918762088976,470,0.3821138211382114
official_test,B2,1,0.87,0.0,6204,1787,713,0.39899272523782875,0.14401998710509348,0.04658284977433914,1787,0.161723559037493,0.032559638942617666,0.19003868471953578,2.711960025789813,1.0,608,0.09800128949065119,276,0.45394736842105265,1179,0.19003868471953578,437,0.3706530958439355
official_test,B2,1,0.88,0.0,6204,1719,681,0.3961605584642234,0.13853965183752417,0.04464861379754997,1719,0.16114019778941244,0.03127014829142489,0.1835912314635719,2.7229206963249517,1.0,580,0.09348807221147647,260,0.4482758620689655,1139,0.1835912314635719,421,0.36962247585601404
official_test,B2,1,0.89,0.0,6204,1678,658,0.39213349225268174,0.1352353320438427,0.04174725983236621,1678,0.15435041716328962,0.029013539651837523,0.17891682785299806,2.7295293359123147,1.0,568,0.0915538362346873,254,0.4471830985915493,1110,0.17891682785299806,404,0.36396396396396397
official_test,B2,1,0.9,0.0,6204,1586,603,0.3802017654476671,0.1278207607994842,0.037717601547388784,1586,0.14754098360655737,0.02691811734364926,0.16892327530625403,2.7443584784010318,1.0,538,0.08671824629271438,234,0.4349442379182156,1048,0.16892327530625403,369,0.3520992366412214
official_test,B2,1,0.91,0.0,6204,1526,573,0.37549148099606816,0.12298517085751129,0.03546099290780142,1526,0.14416775884665792,0.02498388136686009,0.16312056737588654,2.7540296582849773,1.0,514,0.08284977433913604,222,0.43190661478599224,1012,0.16312056737588654,351,0.3468379446640316
official_test,B2,1,0.92,0.0,6204,1452,528,0.36363636363636365,0.11702127659574468,0.03207607994842038,1452,0.13705234159779614,0.02256608639587363,0.15635074145712444,2.765957446808511,1.0,482,0.07769181173436493,198,0.4107883817427386,970,0.15635074145712444,330,0.3402061855670103
official_test,B2,1,0.93,0.0,6204,1363,465,0.34115920763022745,0.10984848484848485,0.02740167633784655,1363,0.12472487160674982,0.018214055448098003,0.14845261121856868,2.7803030303030303,1.0,442,0.07124435847840103,170,0.38461538461538464,921,0.14845261121856868,295,0.32030401737242126
official_test,B2,1,0.94,0.0,6204,1273,397,0.3118617439120189,0.10259509993552547,0.02304964539007092,1273,0.11233307148468186,0.015312701482914248,0.140715667311412,2.794809800128949,1.0,400,0.06447453255963895,138,0.345,873,0.140715667311412,259,0.29667812142038946
official_test,B2,1,0.95,0.0,6204,1202,355,0.29534109816971715,0.09687298517085752,0.019664732430689877,1202,0.10149750415973377,0.012572533849129593,0.13249516441005801,2.806254029658285,1.0,380,0.06125080593165699,126,0.33157894736842103,822,0.13249516441005801,229,0.27858880778588807
official_test,B2,1,0.96,0.0,6204,1138,310,0.27240773286467485,0.0917150225660864,0.016118633139909737,1138,0.08787346221441125,0.010638297872340425,0.12604771115409413,2.8165699548678274,1.0,356,0.05738233397807866,108,0.30337078651685395,782,0.12604771115409413,202,0.25831202046035806
official_test,B2,1,0.97,0.0,6204,1097,271,0.24703737465815861,0.0884107027724049,0.012572533849129593,1097,0.07110300820419325,0.008381689232753063,0.12137330754352031,2.8231785944551904,1.0,344,0.05544809800128949,96,0.27906976744186046,753,0.12137330754352031,175,0.23240371845949534
official_test,B2,1,0.98,0.0,6204,1039,232,0.22329162656400384,0.08373629916183108,0.009026434558349452,1039,0.05389797882579403,0.004835589941972921,0.1155705996131528,2.8325274016763378,1.0,322,0.05190199871050935,80,0.2484472049689441,717,0.1155705996131528,152,0.21199442119944212
official_test,B2,1,0.99,0.0,6204,992,205,0.20665322580645162,0.07994842037395229,0.005802707930367505,992,0.036290322580645164,0.0029013539651837525,0.11057382333978079,2.8401031592520956,1.0,306,0.04932301740812379,70,0.22875816993464052,686,0.11057382333978079,135,0.1967930029154519
official_test,B2,1,1.0,0.0,6204,911,148,0.16245883644346873,0.07342037395228884,0.0003223726627981947,911,0.0021953896816684962,0.0,0.10203094777562863,2.853159252095422,1.0,278,0.044809800128949064,48,0.17266187050359713,633,0.10203094777562863,100,0.1579778830963665
official_test,B4,1,0.0,0.2,6204,12408,5588,0.450354609929078,1.0,0.554642166344294,12408,0.277321083172147,0.26144422952933594,1.0,1.0,1.0,6204,1.0,2960,0.4771115409413282,6204,1.0,2628,0.42359767891682787
official_test,B4,1,0.01,0.2,6204,12253,5528,0.4511548192279442,0.9875080593165699,0.5428755641521599,12253,0.27487146005059987,0.2577369439071567,0.9995164410058027,1.0249838813668601,1.0,6052,0.9754996776273372,2890,0.47752808988764045,6201,0.9995164410058027,2638,0.42541525560393484
official_test,B4,1,0.02,0.2,6204,12089,5448,0.4506576226321449,0.974290780141844,0.5285299806576402,12089,0.2712383158243031,0.25209542230818827,0.9985493230174082,1.051418439716312,1.0,5894,0.9500322372662798,2794,0.4740413980318968,6195,0.9985493230174082,2654,0.42841000807102503
official_test,B4,1,0.03,0.2,6204,11918,5371,0.4506628628964591,0.9605093488072212,0.5154738878143134,11918,0.2683336130223192,0.24822695035460993,0.995164410058027,1.0789813023855577,1.0,5744,0.9258542875564152,2724,0.4742339832869081,6174,0.995164410058027,2647,0.42873339812115324
official_test,B4,1,0.04,0.2,6204,11778,5308,0.45067074206147056,0.9492263056092843,0.5043520309477756,11778,0.2656647987773816,0.24468085106382978,0.9925854287556415,1.1015473887814313,1.0,5620,0.9058671824629272,2664,0.4740213523131673,6158,0.9925854287556415,2644,0.42936018187723285
official_test,B4,1,0.05,0.2,6204,11623,5227,0.4497117783704723,0.9367343649258543,0.4921018697614442,11623,0.2626688462531188,0.24081237911025144,0.9885557704706641,1.1265312701482915,1.0,5490,0.8849129593810445,2598,0.473224043715847,6133,0.9885557704706641,2629,0.42866460133702916
official_test,B4,1,0.06,0.2,6204,11476,5142,0.448065528058557,0.9248871695680206,0.4787234042553192,11476,0.2588009759498083,0.23629916183107672,0.9842037395228884,1.1502256608639587,1.0,5370,0.8655705996131529,2536,0.4722532588454376,6106,0.9842037395228884,2606,0.42679331804782183
official_test,B4,1,0.07,0.2,6204,11301,5067,0.4483674011149456,0.9107833655705996,0.468568665377176,11301,0.2572338731085745,0.23259187620889749,0.9782398452611218,1.1784332688588008,1.0,5232,0.8433268858800773,2470,0.4720948012232416,6069,0.9782398452611218,2597,0.4279123414071511
official_test,B4,1,0.08,0.2,6204,11091,4977,0.4487422234243982,0.8938588007736944,0.4572856221792392,11091,0.25579298530339917,0.22823984526112184,0.970180528691167,1.2122823984526112,1.0,5072,0.8175370728562218,2402,0.47358044164037855,6019,0.970180528691167,2575,0.4278119288918425
official_test,B4,1,0.09,0.2,6204,10950,4896,0.4471232876712329,0.882495164410058,0.44761444229529335,10950,0.25360730593607306,0.22437137330754353,0.9648613797549968,1.235009671179884,1.0,4964,0.8001289490651193,2342,0.4717969379532635,5986,0.9648613797549968,2554,0.4266622118275977
official_test,B4,1,0.1,0.2,6204,10775,4825,0.44779582366589327,0.868391360412637,0.43762088974854935,10775,0.25197215777262183,0.22130883301096066,0.9576079948420374,1.263217279174726,1.0,4834,0.7791747259832367,2284,0.4724865535788167,5941,0.9576079948420374,2541,0.427705773438815
official_test,B4,1,0.11,0.2,6204,10583,4727,0.4466597373145611,0.8529174725983236,0.4252095422308188,10583,0.2492676934706605,0.21840747904577693,0.9482591876208898,1.2941650548033528,1.0,4700,0.7575757575757576,2212,0.4706382978723404,5883,0.9482591876208898,2515,0.427502974672786
official_test,B4,1,0.12,0.2,6204,10405,4642,0.44613166746756366,0.838571889103804,0.41553836234687297,10405,0.24776549735703987,0.21453900709219859,0.9395551257253385,1.322856221792392,1.0,4576,0.7375886524822695,2156,0.47115384615384615,5829,0.9395551257253385,2486,0.4264882484131069
official_test,B4,1,0.13,0.2,6204,10228,4567,0.44651935862338676,0.8243068987749839,0.405705996131528,10228,0.2460891669925694,0.21147646679561574,0.9306898774983882,1.3513862024500323,1.0,4454,0.7179239200515797,2106,0.4728334081724293,5774,0.9306898774983882,2461,0.4262209906477312
official_test,B4,1,0.14,0.2,6204,10061,4508,0.44806679256535137,0.8108478401031592,0.39587362991618313,10061,0.24411092336745852,0.20841392649903287,0.9221470019342359,1.3783043197936815,1.0,4340,0.6995486782720826,2064,0.47557603686635946,5721,0.9221470019342359,2444,0.4271980423002972
official_test,B4,1,0.15,0.2,6204,9859,4427,0.44903134192108735,0.7945680206318504,0.38475177304964536,9859,0.24211380464550158,0.20357833655705995,0.910541586073501,1.4108639587362992,1.0,4210,0.6785944551901999,2004,0.47600950118764845,5649,0.910541586073501,2423,0.428925473535139
official_test,B4,1,0.16,0.2,6204,9692,4354,0.44923648369789515,0.7811089619600258,0.37701482914248874,9692,0.24133305819232356,0.19922630560928434,0.9003868471953579,1.4377820760799485,1.0,4106,0.6618310767246938,1956,0.47637603507062837,5586,0.9003868471953579,2398,0.4292875044754744
official_test,B4,1,0.17,0.2,6204,9545,4278,0.44819277108433736,0.7692617666021921,0.36831076724693745,9545,0.2393923520167627,0.1964861379754997,0.8915215989684074,1.4614764667956157,1.0,4014,0.6470019342359767,1912,0.4763328350772297,5531,0.8915215989684074,2366,0.4277707467004158
official_test,B4,1,0.18,0.2,6204,9344,4198,0.4492722602739726,0.7530625402965828,0.35880077369439073,9344,0.2382277397260274,0.19213410702772404,0.8794326241134752,1.4938749194068344,1.0,3888,0.6266924564796905,1862,0.47890946502057613,5456,0.8794326241134752,2336,0.4281524926686217
official_test,B4,1,0.19,0.2,6204,9151,4099,0.4479291880668779,0.7375080593165699,0.3480012894906512,9151,0.2359304993989728,0.1879432624113475,0.8660541586073501,1.5249838813668601,1.0,3778,0.6089619600257898,1800,0.4764425622022234,5373,0.8660541586073501,2299,0.42788014144798064
official_test,B4,1,0.2,0.2,6204,8984,4041,0.44979964381121995,0.7240490006447453,0.34010315925209544,8984,0.2348619768477293,0.18504190844616378,0.8536428110896196,1.5519019987105094,1.0,3688,0.594455190199871,1768,0.4793926247288503,5296,0.8536428110896196,2273,0.4291918429003021
official_test,B4,1,0.21,0.2,6204,8842,3996,0.4519339515946618,0.7126047711154094,0.3339780786589297,8842,0.2343361230490839,0.1831076724693746,0.8439716312056738,1.5747904577691811,1.0,3606,0.5812379110251451,1738,0.4819744869661675,5236,0.8439716312056738,2258,0.4312452253628724
official_test,B4,1,0.22,0.2,6204,8673,3924,0.45243860255966795,0.6989845261121856,0.32591876208897486,8673,0.23313732272570045,0.17923920051579625,0.8305931656995487,1.6020309477756287,1.0,3520,0.5673758865248227,1698,0.4823863636363636,5153,0.8305931656995487,2226,0.43198137007568405
official_test,B4,1,0.23,0.2,6204,8522,3870,0.4541187514667918,0.6868149580915538,0.31963249516441006,8522,0.23269185637174372,0.1768214055448098,0.8197936814958091,1.6263700838168924,1.0,3436,0.5538362346872985,1666,0.4848661233993015,5086,0.8197936814958091,2204,0.4333464412111679
official_test,B4,1,0.24,0.2,6204,8359,3815,0.45639430553894006,0.6736782720825274,0.3115731785944552,8359,0.23124775690872115,0.17359767891682784,0.806415215989684,1.6526434558349452,1.0,3356,0.5409413281753708,1636,0.48748510131108463,5003,0.806415215989684,2179,0.43553867679392366
official_test,B4,1,0.25,0.2,6204,8159,3733,0.4575315602402255,0.6575596389426177,0.3049645390070922,8159,0.23189116313273686,0.1702127659574468,0.7925531914893617,1.6848807221147646,1.0,3242,0.5225660863958737,1586,0.4892041949413942,4917,0.7925531914893617,2147,0.43664836282285946
official_test,B4,1,0.26,0.2,6204,8007,3662,0.4573498189084551,0.6453094777562862,0.2972275950999355,8007,0.23029848882228052,0.16715022566086396,0.7790135396518375,1.7093810444874276,1.0,3174,0.511605415860735,1554,0.4896030245746692,4833,0.7790135396518375,2108,0.436168011587006
official_test,B4,1,0.27,0.2,6204,7858,3585,0.4562229574955459,0.6333010960670535,0.2901353965183752,7858,0.22906592008144566,0.1636041263700838,0.768214055448098,1.733397807865893,1.0,3092,0.498388136686009,1510,0.4883570504527814,4766,0.768214055448098,2075,0.43537557700377677
official_test,B4,1,0.28,0.2,6204,7728,3523,0.45587474120082816,0.6228239845261122,0.28433268858800775,7728,0.22826086956521738,0.16150870406189555,0.7591876208897486,1.7543520309477756,1.0,3018,0.4864603481624758,1476,0.48906560636182905,4710,0.7591876208897486,2047,0.4346072186836518
official_test,B4,1,0.29,0.2,6204,7595,3473,0.4572745227123107,0.6121050934880722,0.2793359123146357,7595,0.2281764318630678,0.15941328175370728,0.7487105093488072,1.7757898130238556,1.0,2950,0.4754996776273372,1454,0.4928813559322034,4645,0.7487105093488072,2019,0.4346609257265877
official_test,B4,1,0.3,0.2,6204,7466,3429,0.45928207875703186,0.6017085751128304,0.2735332043842682,7466,0.22729708009643718,0.15715667311411993,0.7382333978078659,1.7965828497743392,1.0,2886,0.46518375241779497,1424,0.4934164934164934,4580,0.7382333978078659,2005,0.43777292576419213
official_test,B4,1,0.31,0.2,6204,7354,3373,0.45866195267881427,0.592682140554481,0.268214055448098,7354,0.2262714169159641,0.15457769181173436,0.7285622179239201,1.814635718891038,1.0,2834,0.4568020631850419,1398,0.49329569513055754,4520,0.7285622179239201,1975,0.43694690265486724
official_test,B4,1,0.32,0.2,6204,7235,3313,0.4579129232895646,0.5830915538362347,0.2617666021921341,7235,0.22446440912232205,0.15151515151515152,0.718407479045777,1.8338168923275306,1.0,2778,0.44777562862669246,1368,0.4924406047516199,4457,0.718407479045777,1945,0.43639219205743773
official_test,B4,1,0.33,0.2,6204,7074,3250,0.45942889454339836,0.5701160541586073,0.2564474532559639,7074,0.22490811422109133,0.14893617021276595,0.7040618955512572,1.8597678916827853,1.0,2706,0.43617021276595747,1342,0.4959349593495935,4368,0.7040618955512572,1908,0.4368131868131868
official_test,B4,1,0.34,0.2,6204,6925,3183,0.4596389891696751,0.5581076724693746,0.25,6925,0.223971119133574,0.14684074790457768,0.6926176660219213,1.8837846550612507,1.0,2628,0.42359767891682787,1310,0.4984779299847793,4297,0.6926176660219213,1873,0.4358855015126833
official_test,B4,1,0.35,0.2,6204,6796,3130,0.4605650382577987,0.5477111540941328,0.24548678272082528,6796,0.22410241318422602,0.14442295293359123,0.6795615731785944,1.9045776918117343,1.0,2580,0.4158607350096712,1286,0.49844961240310076,4216,0.6795615731785944,1844,0.43738140417457305
official_test,B4,1,0.36,0.2,6204,6644,3073,0.46252257676098735,0.5354609929078015,0.24016763378465505,6644,0.22426249247441302,0.1415215989684075,0.6656995486782721,1.929078014184397,1.0,2514,0.40522243713733075,1264,0.5027844073190135,4130,0.6656995486782721,1809,0.4380145278450363
official_test,B4,1,0.37,0.2,6204,6507,3011,0.462732441985554,0.5244197292069632,0.23484848484848486,6507,0.2239127093898878,0.13845905867182462,0.6532882011605415,1.9511605415860735,1.0,2454,0.3955512572533849,1236,0.5036674816625917,4053,0.6532882011605415,1775,0.4379471996052307
official_test,B4,1,0.38,0.2,6204,6368,2946,0.4626256281407035,0.513217279174726,0.22904577691811734,6368,0.22314698492462312,0.13539651837524178,0.6395873629916183,1.973565441650548,1.0,2400,0.38684719535783363,1208,0.5033333333333333,3968,0.6395873629916183,1738,0.4380040322580645
official_test,B4,1,0.39,0.2,6204,6230,2869,0.4605136436597111,0.5020954223081883,0.2245325596389426,6230,0.22359550561797753,0.1336234687298517,0.6263700838168923,1.9958091553836235,1.0,2344,0.3778207607994842,1174,0.5008532423208191,3886,0.6263700838168923,1695,0.4361811631497684
official_test,B4,1,0.4,0.2,6204,6143,2831,0.4608497476802865,0.49508381689232756,0.2196969696969697,6143,0.2218785609636985,0.13136686009026435,0.619116698903933,2.009832366215345,1.0,2302,0.3710509348807221,1154,0.5013032145960035,3841,0.619116698903933,1677,0.43660505076802913
official_test,B4,1,0.41,0.2,6204,6045,2789,0.46137303556658393,0.48718568665377177,0.21695680206318504,6045,0.22266335814722912,0.12959381044487428,0.6107350096711799,2.0256286266924564,1.0,2256,0.36363636363636365,1132,0.50177304964539,3789,0.6107350096711799,1657,0.4373185537081024
official_test,B4,1,0.42,0.2,6204,5924,2753,0.4647197839297772,0.47743391360412635,0.2129271437782076,5924,0.22299122214719783,0.12878787878787878,0.5989684074790458,2.0451321727917473,1.0,2208,0.35589941972920697,1116,0.5054347826086957,3716,0.5989684074790458,1637,0.4405274488697524
official_test,B4,1,0.43,0.2,6204,5801,2696,0.46474745733494227,0.4675209542230819,0.20776918117343648,5801,0.22220306843647647,0.12637008381689233,0.5888136686009027,2.0649580915538364,1.0,2148,0.34622823984526113,1086,0.505586592178771,3653,0.5888136686009027,1610,0.4407336435806187
official_test,B4,1,0.44,0.2,6204,5672,2639,0.4652679830747532,0.4571244358478401,0.20277240490006448,5672,0.22179125528913962,0.12346872985170858,0.5770470664087686,2.0857511283043197,1.0,2092,0.3372018052869117,1058,0.505736137667304,3580,0.5770470664087686,1581,0.44162011173184357
official_test,B4,1,0.45,0.2,6204,5579,2602,0.4663918264922029,0.4496292714377821,0.19874274661508703,5579,0.2210073489872737,0.1220180528691167,0.5688265635074146,2.100741457124436,1.0,2050,0.33043197936814955,1038,0.5063414634146342,3529,0.5688265635074146,1564,0.44318503825446304
official_test,B4,1,0.46,0.2,6204,5439,2551,0.4690200404486119,0.43834622823984526,0.1942295293359123,5439,0.22154807869093585,0.12072856221792393,0.5552869116698904,2.1233075435203093,1.0,1994,0.3214055448098001,1014,0.5085255767301906,3445,0.5552869116698904,1537,0.4461538461538462
official_test,B4,1,0.47,0.2,6204,5310,2504,0.47156308851224105,0.42794970986460346,0.19068343004513216,5310,0.22278719397363464,0.11943907156673114,0.5425531914893617,2.144100580270793,1.0,1944,0.31334622823984526,994,0.5113168724279835,3366,0.5425531914893617,1510,0.44860368389780153
official_test,B4,1,0.48,0.2,6204,5238,2485,0.47441771668575794,0.422147001934236,0.18810444874274662,5238,0.22279495990836198,0.11831076724693745,0.5351386202450032,2.155705996131528,1.0,1918,0.3091553836234687,988,0.5151199165797706,3320,0.5351386202450032,1497,0.45090361445783134
official_test,B4,1,0.49,0.2,6204,5130,2423,0.4723196881091618,0.4134429400386847,0.18262411347517732,5130,0.22085769980506822,0.11524822695035461,0.52321083172147,2.1731141199226305,1.0,1884,0.3036750483558994,966,0.5127388535031847,3246,0.52321083172147,1457,0.44886013555144794
official_test,B4,1,0.5,0.2,6204,5015,2387,0.4759720837487537,0.4041747259832366,0.1776273372018053,5015,0.219740777666999,0.11363636363636363,0.5117666021921341,2.1916505480335267,1.0,1840,0.29658284977433913,954,0.5184782608695652,3175,0.5117666021921341,1433,0.45133858267716537
official_test,B4,1,0.51,0.2,6204,4886,2339,0.47871469504707326,0.39377820760799487,0.17279174725983237,4886,0.21940237413016783,0.11105738233397808,0.4996776273372018,2.2124435847840105,1.0,1786,0.2878787878787879,936,0.5240761478163494,3100,0.4996776273372018,1403,0.4525806451612903
official_test,B4,1,0.52,0.2,6204,4765,2283,0.4791185729275971,0.38402643455834945,0.16827852998065765,4765,0.21909758656873032,0.10799484203739523,0.4882333978078659,2.231947130883301,1.0,1736,0.279819471308833,912,0.5253456221198156,3029,0.4882333978078659,1371,0.45262462859029384
official_test,B4,1,0.53,0.2,6204,4665,2225,0.4769560557341908,0.3759671179883946,0.1636041263700838,4665,0.21757770632368703,0.10460992907801418,0.47920696324951645,2.248065764023211,1.0,1692,0.2727272727272727,888,0.524822695035461,2973,0.47920696324951645,1337,0.4497140935082408
official_test,B4,1,0.54,0.2,6204,4573,2179,0.4764924557183468,0.3685525467440361,0.16070277240490005,4573,0.2180188060354253,0.10283687943262411,0.4692134107027724,2.262894906511928,1.0,1662,0.2678916827852998,870,0.5234657039711191,2911,0.4692134107027724,1309,0.44967365166609413
official_test,B4,1,0.55,0.2,6204,4439,2113,0.47600810993466997,0.3577530625402966,0.15747904577691813,4439,0.22009461590448298,0.10122501611863315,0.45631850419084463,2.284493874919407,1.0,1608,0.25918762088974856,844,0.5248756218905473,2831,0.45631850419084463,1269,0.44825150123631224
official_test,B4,1,0.56,0.2,6204,4344,2071,0.47674953959484345,0.35009671179883944,0.15522243713733075,4344,0.22168508287292818,0.09977433913604127,0.4464861379754997,2.2998065764023212,1.0,1574,0.25370728562217926,830,0.5273189326556544,2770,0.4464861379754997,1241,0.448014440433213
official_test,B4,1,0.57,0.2,6204,4259,2032,0.4771073021836112,0.34324629271437784,0.1519987105093488,4259,0.2214134773420991,0.0978401031592521,0.43762088974854935,2.3135074145712444,1.0,1544,0.2488716956802063,816,0.5284974093264249,2715,0.43762088974854935,1216,0.44788213627992635
official_test,B4,1,0.58,0.2,6204,4165,1989,0.4775510204081633,0.3356705351386202,0.14877498388136687,4165,0.22160864345738296,0.09574468085106383,0.4282720825274017,2.3286589297227596,1.0,1508,0.24306898774983882,798,0.5291777188328912,2657,0.4282720825274017,1191,0.44824990590891983
official_test,B4,1,0.59,0.2,6204,4081,1943,0.4761087968635139,0.32890070921985815,0.14490651192778853,4081,0.2202891448174467,0.09219858156028368,0.41956802063185045,2.3421985815602837,1.0,1478,0.2382333978078659,778,0.5263870094722598,2603,0.41956802063185045,1165,0.44756050710718404
official_test,B4,1,0.6,0.2,6204,3982,1891,0.4748869914615771,0.32092198581560283,0.1399097356544165,3982,0.2179809141135108,0.08913604126370084,0.41005802707930367,2.358156028368794,1.0,1438,0.231785944551902,758,0.5271210013908206,2544,0.41005802707930367,1133,0.4453616352201258
official_test,B4,1,0.61,0.2,6204,3909,1851,0.47352264006139677,0.3150386847195358,0.13652482269503546,3909,0.2166794576618061,0.08736299161831076,0.4031270148291425,2.3699226305609282,1.0,1408,0.22695035460992907,742,0.5269886363636364,2501,0.4031270148291425,1109,0.44342263094762097
official_test,B4,1,0.62,0.2,6204,3778,1785,0.47247220751720487,0.3044809800128949,0.13168923275306255,3778,0.2162519851773425,0.0852675693101225,0.39103803997421016,2.39103803997421,1.0,1352,0.21792392005157962,708,0.5236686390532544,2426,0.39103803997421016,1077,0.4439406430338005
official_test,B4,1,0.63,0.2,6204,3687,1739,0.4716571738540819,0.297147001934236,0.1273372018052869,3687,0.2142663411988066,0.08268858800773694,0.3828175370728562,2.405705996131528,1.0,1312,0.21147646679561574,686,0.5228658536585366,2375,0.3828175370728562,1053,0.4433684210526316
official_test,B4,1,0.64,0.2,6204,3607,1711,0.47435542001663433,0.2906995486782721,0.12524177949709864,3607,0.21541447186027168,0.08172147001934237,0.37443584784010314,2.4186009026434556,1.0,1284,0.20696324951644102,672,0.5233644859813084,2323,0.37443584784010314,1039,0.44726646577701246
official_test,B4,1,0.65,0.2,6204,3534,1672,0.4731182795698925,0.28481624758220503,0.12088974854932302,3534,0.21222410865874364,0.0796260477111541,0.36750483558994196,2.4303675048355897,1.0,1254,0.20212765957446807,654,0.5215311004784688,2280,0.36750483558994196,1018,0.44649122807017544
official_test,B4,1,0.66,0.2,6204,3433,1626,0.47363821730265077,0.2766763378465506,0.11814958091553836,3433,0.21351587532770172,0.07736943907156674,0.357672469374597,2.4466473243068987,1.0,1214,0.1956802063185042,632,0.5205930807248764,2219,0.357672469374597,994,0.4479495268138801
official_test,B4,1,0.67,0.2,6204,3328,1557,0.4678485576923077,0.268214055448098,0.11186331399097356,3328,0.20853365384615385,0.0731785944551902,0.3468729851708575,2.463571889103804,1.0,1176,0.1895551257253385,602,0.5119047619047619,2152,0.3468729851708575,955,0.4437732342007435
official_test,B4,1,0.68,0.2,6204,3254,1531,0.4704978488014751,0.2622501611863314,0.1094455190199871,3254,0.2086662569145667,0.07237266279819471,0.3388136686009026,2.475499677627337,1.0,1152,0.18568665377176016,596,0.5173611111111112,2102,0.3388136686009026,935,0.44481446241674594
official_test,B4,1,0.69,0.2,6204,3181,1488,0.4677774284816096,0.2563668600902643,0.10606060606060606,3181,0.2068531908204967,0.06963249516441006,0.33188265635074143,2.487266279819471,1.0,1122,0.18085106382978725,576,0.5133689839572193,2059,0.33188265635074143,912,0.4429334628460418
official_test,B4,1,0.7,0.2,6204,3088,1433,0.4640544041450777,0.2488716956802063,0.10186976144422953,3088,0.20466321243523317,0.06753707285622179,0.3230174081237911,2.502256608639587,1.0,1084,0.17472598323662153,552,0.5092250922509225,2004,0.3230174081237911,881,0.43962075848303395
official_test,B4,1,0.71,0.2,6204,3027,1403,0.4634952097786587,0.24395551257253384,0.097678916827853,3027,0.2001982160555005,0.06560283687943262,0.3167311411992263,2.512088974854932,1.0,1062,0.17117988394584138,538,0.5065913370998116,1965,0.3167311411992263,865,0.4402035623409669
official_test,B4,1,0.72,0.2,6204,2938,1365,0.4646017699115044,0.23678272082527402,0.09526112185686654,2938,0.2011572498298162,0.06447453255963895,0.3065764023210832,2.526434558349452,1.0,1036,0.16698903932946485,526,0.5077220077220077,1902,0.3065764023210832,839,0.4411146161934805
official_test,B4,1,0.73,0.2,6204,2872,1328,0.4623955431754875,0.2314635718891038,0.09203739522888459,2872,0.19881615598885793,0.06286266924564797,0.29980657640232106,2.5370728562217923,1.0,1012,0.16312056737588654,514,0.5079051383399209,1860,0.29980657640232106,814,0.4376344086021505
official_test,B4,1,0.74,0.2,6204,2825,1315,0.4654867256637168,0.227675693101225,0.0912314635718891,2825,0.20035398230088497,0.062379110251450674,0.29545454545454547,2.54464861379755,1.0,992,0.15989684074790458,506,0.5100806451612904,1833,0.29545454545454547,809,0.4413529732678669
official_test,B4,1,0.75,0.2,6204,2755,1273,0.46206896551724136,0.2220341715022566,0.08784655061250805,2755,0.19782214156079855,0.059961315280464215,0.2893294648613798,2.5559316569954866,1.0,960,0.15473887814313347,488,0.5083333333333333,1795,0.2893294648613798,785,0.4373259052924791
official_test,B4,1,0.76,0.2,6204,2683,1227,0.45732389116660455,0.2162314635718891,0.08301096067053514,2683,0.19194931047335073,0.05705996131528046,0.28191489361702127,2.5675370728562217,1.0,934,0.15054803352675694,468,0.5010706638115632,1749,0.28191489361702127,759,0.4339622641509434
official_test,B4,1,0.77,0.2,6204,2580,1184,0.45891472868217054,0.2079303675048356,0.0797872340425532,2580,0.19186046511627908,0.0548033526756931,0.27079303675048355,2.5841392649903288,1.0,900,0.1450676982591876,456,0.5066666666666667,1680,0.27079303675048355,728,0.43333333333333335
official_test,B4,1,0.78,0.2,6204,2503,1147,0.4582500998801438,0.20172469374597035,0.07656350741457124,2503,0.18977227327207352,0.05351386202450032,0.2622501611863314,2.5965506125080595,1.0,876,0.14119922630560927,444,0.5068493150684932,1627,0.2622501611863314,703,0.4320835894283958
official_test,B4,1,0.79,0.2,6204,2393,1088,0.45465942331801085,0.19285944551901998,0.07124435847840103,2393,0.18470539072294193,0.05077369439071567,0.2506447453255964,2.61428110896196,1.0,838,0.13507414571244358,422,0.5035799522673031,1555,0.2506447453255964,666,0.4282958199356913
official_test,B4,1,0.8,0.2,6204,2345,1055,0.44989339019189767,0.18899097356544164,0.06914893617021277,2345,0.18294243070362473,0.049000644745325596,0.2448420373952289,2.622018052869117,1.0,826,0.13313990973565443,412,0.49878934624697335,1519,0.2448420373952289,643,0.42330480579328505
official_test,B4,1,0.81,0.2,6204,2272,1034,0.4551056338028169,0.1831076724693746,0.06753707285622179,2272,0.18441901408450703,0.047388781431334626,0.23726627981947132,2.633784655061251,1.0,800,0.1289490651192779,400,0.5,1472,0.23726627981947132,634,0.43070652173913043
official_test,B4,1,0.82,0.2,6204,2180,974,0.44678899082568807,0.1756931012250161,0.06205673758865248,2180,0.17660550458715596,0.04448742746615087,0.22856221792392006,2.648613797549968,1.0,762,0.12282398452611218,376,0.49343832020997375,1418,0.22856221792392006,598,0.4217207334273625
official_test,B4,1,0.83,0.2,6204,2097,916,0.4368144969003338,0.1690038684719536,0.05899419729206963,2097,0.17453505007153075,0.04142488716956802,0.2200193423597679,2.661992263056093,1.0,732,0.11798839458413926,354,0.48360655737704916,1365,0.2200193423597679,562,0.4117216117216117
official_test,B4,1,0.84,0.2,6204,2016,872,0.43253968253968256,0.16247582205029013,0.05560928433268859,2016,0.17113095238095238,0.03916827852998066,0.21115409413281755,2.6750483558994196,1.0,706,0.11379754996776273,338,0.47875354107648727,1310,0.21115409413281755,534,0.4076335877862595
official_test,B4,1,0.85,0.2,6204,1946,827,0.4249743062692703,0.15683430045132174,0.05222437137330754,1946,0.16649537512846865,0.0367504835589942,0.20470664087685364,2.6863313990973565,1.0,676,0.10896196002578981,320,0.47337278106508873,1270,0.20470664087685364,507,0.39921259842519685
official_test,B4,1,0.86,0.2,6204,1872,788,0.42094017094017094,0.15087040618955513,0.05012894906511928,1872,0.16613247863247863,0.03513862024500322,0.19825918762088976,2.6982591876208897,1.0,642,0.10348162475822051,304,0.4735202492211838,1230,0.19825918762088976,484,0.3934959349593496
official_test,B4,1,0.87,0.2,6204,1787,726,0.4062674874090655,0.14401998710509348,0.04658284977433914,1787,0.161723559037493,0.032559638942617666,0.19003868471953578,2.711960025789813,1.0,608,0.09800128949065119,276,0.45394736842105265,1179,0.19003868471953578,450,0.3816793893129771
official_test,B4,1,0.88,0.2,6204,1719,694,0.40372309482257124,0.13853965183752417,0.04464861379754997,1719,0.16114019778941244,0.03127014829142489,0.1835912314635719,2.7229206963249517,1.0,580,0.09348807221147647,260,0.4482758620689655,1139,0.1835912314635719,434,0.3810359964881475
official_test,B4,1,0.89,0.2,6204,1678,670,0.399284862932062,0.1352353320438427,0.04174725983236621,1678,0.15435041716328962,0.029013539651837523,0.17891682785299806,2.7295293359123147,1.0,568,0.0915538362346873,254,0.4471830985915493,1110,0.17891682785299806,416,0.3747747747747748
official_test,B4,1,0.9,0.2,6204,1586,614,0.3871374527112232,0.1278207607994842,0.037717601547388784,1586,0.14754098360655737,0.02691811734364926,0.16892327530625403,2.7443584784010318,1.0,538,0.08671824629271438,234,0.4349442379182156,1048,0.16892327530625403,380,0.36259541984732824
official_test,B4,1,0.91,0.2,6204,1526,583,0.38204456094364353,0.12298517085751129,0.03546099290780142,1526,0.14416775884665792,0.02498388136686009,0.16312056737588654,2.7540296582849773,1.0,514,0.08284977433913604,222,0.43190661478599224,1012,0.16312056737588654,361,0.3567193675889328
official_test,B4,1,0.92,0.2,6204,1452,534,0.3677685950413223,0.11702127659574468,0.03207607994842038,1452,0.13705234159779614,0.02256608639587363,0.15635074145712444,2.765957446808511,1.0,482,0.07769181173436493,198,0.4107883817427386,970,0.15635074145712444,336,0.3463917525773196
official_test,B4,1,0.93,0.2,6204,1363,471,0.34556126192223036,0.10984848484848485,0.02740167633784655,1363,0.12472487160674982,0.018214055448098003,0.14845261121856868,2.7803030303030303,1.0,442,0.07124435847840103,170,0.38461538461538464,921,0.14845261121856868,301,0.3268186753528773
official_test,B4,1,0.94,0.2,6204,1273,402,0.3157894736842105,0.10259509993552547,0.02304964539007092,1273,0.11233307148468186,0.015312701482914248,0.140715667311412,2.794809800128949,1.0,400,0.06447453255963895,138,0.345,873,0.140715667311412,264,0.3024054982817869
official_test,B4,1,0.95,0.2,6204,1202,360,0.2995008319467554,0.09687298517085752,0.019664732430689877,1202,0.10149750415973377,0.012572533849129593,0.13249516441005801,2.806254029658285,1.0,380,0.06125080593165699,126,0.33157894736842103,822,0.13249516441005801,234,0.2846715328467153
official_test,B4,1,0.96,0.2,6204,1138,315,0.27680140597539543,0.0917150225660864,0.016118633139909737,1138,0.08787346221441125,0.010638297872340425,0.12604771115409413,2.8165699548678274,1.0,356,0.05738233397807866,108,0.30337078651685395,782,0.12604771115409413,207,0.2647058823529412
official_test,B4,1,0.97,0.2,6204,1097,275,0.2506836827711942,0.0884107027724049,0.012572533849129593,1097,0.07110300820419325,0.008381689232753063,0.12137330754352031,2.8231785944551904,1.0,344,0.05544809800128949,96,0.27906976744186046,753,0.12137330754352031,179,0.23771580345285526
official_test,B4,1,0.98,0.2,6204,1039,233,0.22425409047160733,0.08373629916183108,0.009026434558349452,1039,0.05389797882579403,0.004835589941972921,0.1155705996131528,2.8325274016763378,1.0,322,0.05190199871050935,80,0.2484472049689441,717,0.1155705996131528,153,0.21338912133891214
official_test,B4,1,0.99,0.2,6204,992,206,0.20766129032258066,0.07994842037395229,0.005802707930367505,992,0.036290322580645164,0.0029013539651837525,0.11057382333978079,2.8401031592520956,1.0,306,0.04932301740812379,70,0.22875816993464052,686,0.11057382333978079,136,0.19825072886297376
official_test,B4,1,1.0,0.2,6204,911,148,0.16245883644346873,0.07342037395228884,0.0003223726627981947,911,0.0021953896816684962,0.0,0.10203094777562863,2.853159252095422,1.0,278,0.044809800128949064,48,0.17266187050359713,633,0.10203094777562863,100,0.1579778830963665
official_test,H0,1,0.0,0.05,6204,12408,5400,0.43520309477756286,1.0,0.630722114764668,12408,0.315361057382334,0.26998710509348806,1.0,1.0,1.0,6204,1.0,2960,0.4771115409413282,6204,1.0,2440,0.39329464861379754
official_test,H0,1,0.01,0.05,6204,12408,5400,0.43520309477756286,1.0,0.630722114764668,12408,0.315361057382334,0.26998710509348806,1.0,1.0,1.0,6204,1.0,2960,0.4771115409413282,6204,1.0,2440,0.39329464861379754
official_test,H0,1,0.02,0.05,6204,12408,5400,0.43520309477756286,1.0,0.630722114764668,12408,0.315361057382334,0.26998710509348806,1.0,1.0,1.0,6204,1.0,2960,0.4771115409413282,6204,1.0,2440,0.39329464861379754
official_test,H0,1,0.03,0.05,6204,12408,5400,0.43520309477756286,1.0,0.630722114764668,12408,0.315361057382334,0.26998710509348806,1.0,1.0,1.0,6204,1.0,2960,0.4771115409413282,6204,1.0,2440,0.39329464861379754
official_test,H0,1,0.04,0.05,6204,12408,5384,0.4339136041263701,1.0,0.6215344938749194,12408,0.3107672469374597,0.2683752417794971,1.0,1.0,1.0,6204,1.0,2960,0.4771115409413282,6204,1.0,2424,0.390715667311412
official_test,H0,1,0.05,0.05,6204,12408,5311,0.42803030303030304,1.0,0.5899419729206963,12408,0.29497098646034814,0.2612830431979368,1.0,1.0,1.0,6204,1.0,2960,0.4771115409413282,6204,1.0,2351,0.3789490651192779
official_test,H0,1,0.06,0.05,6204,12408,5262,0.42408123791102514,1.0,0.5781753707285622,12408,0.2890876853642811,0.2585428755641522,1.0,1.0,1.0,6204,1.0,2960,0.4771115409413282,6204,1.0,2302,0.3710509348807221
official_test,H0,1,0.07,0.05,6204,12408,5260,0.42392005157962603,1.0,0.5757575757575758,12408,0.2878787878787879,0.25805931656995484,1.0,1.0,1.0,6204,1.0,2960,0.4771115409413282,6204,1.0,2300,0.37072856221792394
official_test,H0,1,0.08,0.05,6204,12276,5100,0.41544477028348,0.9893617021276596,0.528046421663443,12276,0.2668621700879765,0.24516441005802708,1.0,1.0212765957446808,1.0,6072,0.9787234042553191,2842,0.46805006587615283,6204,1.0,2258,0.3639587362991618
official_test,H0,1,0.09,0.05,6204,11630,4451,0.3827171109200344,0.9372985170857512,0.4276273372018053,11630,0.22811693895098883,0.19181173436492585,0.9945196647324307,1.1254029658284976,1.0,5460,0.8800773694390716,2278,0.41721611721611723,6170,0.9945196647324307,2173,0.35218800648298215
official_test,H0,1,0.1,0.05,6204,10820,3719,0.34371534195933456,0.8720180528691167,0.33123791102514505,10820,0.1899260628465804,0.1344294003868472,0.9748549323017408,1.2559638942617666,1.0,4772,0.7691811734364926,1654,0.34660519698239733,6048,0.9748549323017408,2065,0.3414351851851852
official_test,H0,1,0.11,0.05,6204,10781,3681,0.3414340042667656,0.8688749194068343,0.3276918117343649,10781,0.18857248863741768,0.13233397807865893,0.968568665377176,1.2622501611863315,1.0,4772,0.7691811734364926,1654,0.34660519698239733,6009,0.968568665377176,2027,0.33732734231985356
official_test,H0,1,0.12,0.05,6204,10769,3672,0.34097873525861266,0.8679078014184397,0.32640232108317213,10769,0.18803974370879376,0.13201160541586074,0.9666344294003868,1.2641843971631206,1.0,4772,0.7691811734364926,1654,0.34660519698239733,5997,0.9666344294003868,2018,0.33650158412539605
official_test,H0,1,0.13,0.05,6204,10657,3570,0.3349910856713897,0.8588813668600903,0.31012250161186333,10657,0.18053861311813832,0.12024500322372662,0.9485815602836879,1.2822372662798194,1.0,4772,0.7691811734364926,1654,0.34660519698239733,5885,0.9485815602836879,1916,0.3255734919286321
official_test,H0,1,0.14,0.05,6204,10576,3497,0.33065431164901665,0.8523533204384268,0.2988394584139265,10576,0.17530257186081694,0.11234687298517086,0.935525467440361,1.2952933591231464,1.0,4772,0.7691811734364926,1654,0.34660519698239733,5804,0.935525467440361,1843,0.317539627842867
official_test,H0,1,0.15,0.05,6204,10576,3497,0.33065431164901665,0.8523533204384268,0.2988394584139265,10576,0.17530257186081694,0.11234687298517086,0.935525467440361,1.2952933591231464,1.0,4772,0.7691811734364926,1654,0.34660519698239733,5804,0.935525467440361,1843,0.317539627842867
official_test,H0,1,0.16,0.05,6204,10576,3497,0.33065431164901665,0.8523533204384268,0.2988394584139265,10576,0.17530257186081694,0.11234687298517086,0.935525467440361,1.2952933591231464,1.0,4772,0.7691811734364926,1654,0.34660519698239733,5804,0.935525467440361,1843,0.317539627842867
official_test,H0,1,0.17,0.05,6204,10576,3497,0.33065431164901665,0.8523533204384268,0.2988394584139265,10576,0.17530257186081694,0.11234687298517086,0.935525467440361,1.2952933591231464,1.0,4772,0.7691811734364926,1654,0.34660519698239733,5804,0.935525467440361,1843,0.317539627842867
official_test,H0,1,0.18,0.05,6204,10576,3497,0.33065431164901665,0.8523533204384268,0.2988394584139265,10576,0.17530257186081694,0.11234687298517086,0.935525467440361,1.2952933591231464,1.0,4772,0.7691811734364926,1654,0.34660519698239733,5804,0.935525467440361,1843,0.317539627842867
official_test,H0,1,0.19,0.05,6204,10576,3497,0.33065431164901665,0.8523533204384268,0.2988394584139265,10576,0.17530257186081694,0.11234687298517086,0.935525467440361,1.2952933591231464,1.0,4772,0.7691811734364926,1654,0.34660519698239733,5804,0.935525467440361,1843,0.317539627842867
official_test,H0,1,0.2,0.05,6204,10576,3497,0.33065431164901665,0.8523533204384268,0.2988394584139265,10576,0.17530257186081694,0.11234687298517086,0.935525467440361,1.2952933591231464,1.0,4772,0.7691811734364926,1654,0.34660519698239733,5804,0.935525467440361,1843,0.317539627842867
official_test,H0,1,0.21,0.05,6204,10576,3497,0.33065431164901665,0.8523533204384268,0.2988394584139265,10576,0.17530257186081694,0.11234687298517086,0.935525467440361,1.2952933591231464,1.0,4772,0.7691811734364926,1654,0.34660519698239733,5804,0.935525467440361,1843,0.317539627842867
official_test,H0,1,0.22,0.05,6204,10576,3497,0.33065431164901665,0.8523533204384268,0.2988394584139265,10576,0.17530257186081694,0.11234687298517086,0.935525467440361,1.2952933591231464,1.0,4772,0.7691811734364926,1654,0.34660519698239733,5804,0.935525467440361,1843,0.317539627842867
official_test,H0,1,0.23,0.05,6204,10576,3497,0.33065431164901665,0.8523533204384268,0.2988394584139265,10576,0.17530257186081694,0.11234687298517086,0.935525467440361,1.2952933591231464,1.0,4772,0.7691811734364926,1654,0.34660519698239733,5804,0.935525467440361,1843,0.317539627842867
official_test,H0,1,0.24,0.05,6204,10576,3497,0.33065431164901665,0.8523533204384268,0.2988394584139265,10576,0.17530257186081694,0.11234687298517086,0.935525467440361,1.2952933591231464,1.0,4772,0.7691811734364926,1654,0.34660519698239733,5804,0.935525467440361,1843,0.317539627842867
official_test,H0,1,0.25,0.05,6204,10576,3497,0.33065431164901665,0.8523533204384268,0.2988394584139265,10576,0.17530257186081694,0.11234687298517086,0.935525467440361,1.2952933591231464,1.0,4772,0.7691811734364926,1654,0.34660519698239733,5804,0.935525467440361,1843,0.317539627842867
official_test,H0,1,0.26,0.05,6204,10576,3497,0.33065431164901665,0.8523533204384268,0.2988394584139265,10576,0.17530257186081694,0.11234687298517086,0.935525467440361,1.2952933591231464,1.0,4772,0.7691811734364926,1654,0.34660519698239733,5804,0.935525467440361,1843,0.317539627842867
official_test,H0,1,0.27,0.05,6204,10576,3497,0.33065431164901665,0.8523533204384268,0.2988394584139265,10576,0.17530257186081694,0.11234687298517086,0.935525467440361,1.2952933591231464,1.0,4772,0.7691811734364926,1654,0.34660519698239733,5804,0.935525467440361,1843,0.317539627842867
official_test,H0,1,0.28,0.05,6204,10576,3497,0.33065431164901665,0.8523533204384268,0.2988394584139265,10576,0.17530257186081694,0.11234687298517086,0.935525467440361,1.2952933591231464,1.0,4772,0.7691811734364926,1654,0.34660519698239733,5804,0.935525467440361,1843,0.317539627842867
official_test,H0,1,0.29,0.05,6204,10576,3497,0.33065431164901665,0.8523533204384268,0.2988394584139265,10576,0.17530257186081694,0.11234687298517086,0.935525467440361,1.2952933591231464,1.0,4772,0.7691811734364926,1654,0.34660519698239733,5804,0.935525467440361,1843,0.317539627842867
official_test,H0,1,0.3,0.05,6204,10576,3497,0.33065431164901665,0.8523533204384268,0.2988394584139265,10576,0.17530257186081694,0.11234687298517086,0.935525467440361,1.2952933591231464,1.0,4772,0.7691811734364926,1654,0.34660519698239733,5804,0.935525467440361,1843,0.317539627842867
official_test,H0,1,0.31,0.05,6204,10576,3497,0.33065431164901665,0.8523533204384268,0.2988394584139265,10576,0.17530257186081694,0.11234687298517086,0.935525467440361,1.2952933591231464,1.0,4772,0.7691811734364926,1654,0.34660519698239733,5804,0.935525467440361,1843,0.317539627842867
official_test,H0,1,0.32,0.05,6204,10576,3497,0.33065431164901665,0.8523533204384268,0.2988394584139265,10576,0.17530257186081694,0.11234687298517086,0.935525467440361,1.2952933591231464,1.0,4772,0.7691811734364926,1654,0.34660519698239733,5804,0.935525467440361,1843,0.317539627842867
official_test,H0,1,0.33,0.05,6204,10576,3497,0.33065431164901665,0.8523533204384268,0.2988394584139265,10576,0.17530257186081694,0.11234687298517086,0.935525467440361,1.2952933591231464,1.0,4772,0.7691811734364926,1654,0.34660519698239733,5804,0.935525467440361,1843,0.317539627842867
official_test,H0,1,0.34,0.05,6204,10576,3502,0.33112708018154313,0.8523533204384268,0.2981947130883301,10576,0.17492435703479575,0.11234687298517086,0.935525467440361,1.2952933591231464,1.0,4772,0.7691811734364926,1654,0.34660519698239733,5804,0.935525467440361,1848,0.31840110268780153
official_test,H0,1,0.35,0.05,6204,10576,3501,0.33103252647503784,0.8523533204384268,0.29754996776273374,10576,0.1745461422087746,0.11218568665377177,0.935525467440361,1.2952933591231464,1.0,4772,0.7691811734364926,1654,0.34660519698239733,5804,0.935525467440361,1847,0.3182288077188146
official_test,H0,1,0.36,0.05,6204,10576,3496,0.33055975794251136,0.8523533204384268,0.29690522243713735,10576,0.1741679273827534,0.11202450032237267,0.935525467440361,1.2952933591231464,1.0,4772,0.7691811734364926,1654,0.34660519698239733,5804,0.935525467440361,1842,0.3173673328738801
official_test,H0,1,0.37,0.05,6204,10576,3495,0.33046520423600606,0.8523533204384268,0.29674403610573824,10576,0.17407337367624812,0.11202450032237267,0.935525467440361,1.2952933591231464,1.0,4772,0.7691811734364926,1654,0.34660519698239733,5804,0.935525467440361,1841,0.3171950379048932
official_test,H0,1,0.38,0.05,6204,10576,3497,0.33065431164901665,0.8523533204384268,0.29642166344294,10576,0.17388426626323752,0.11202450032237267,0.935525467440361,1.2952933591231464,1.0,4772,0.7691811734364926,1654,0.34660519698239733,5804,0.935525467440361,1843,0.317539627842867
official_test,H0,1,0.39,0.05,6204,10569,3499,0.3310625413946447,0.85178916827853,0.29513217279174725,10569,0.17324250165578578,0.11202450032237267,0.9343971631205674,1.29642166344294,1.0,4772,0.7691811734364926,1654,0.34660519698239733,5797,0.9343971631205674,1845,0.3182680696912196
official_test,H0,1,0.4,0.05,6204,10564,3494,0.3307459295721318,0.8513862024500323,0.29368149580915537,10564,0.17247254827716774,0.11170212765957446,0.9335912314635719,1.2972275950999355,1.0,4772,0.7691811734364926,1654,0.34660519698239733,5792,0.9335912314635719,1840,0.31767955801104975
official_test,H0,1,0.41,0.05,6204,10556,3492,0.3308071239105722,0.8507414571244358,0.2928755641521599,10556,0.17212959454338764,0.11154094132817537,0.9323017408123792,1.2985170857511283,1.0,4772,0.7691811734364926,1654,0.34660519698239733,5784,0.9323017408123792,1838,0.3177731673582296
official_test,H0,1,0.42,0.05,6204,10543,3486,0.330645926206962,0.8496937459703418,0.29126370083816894,10543,0.17139334155363747,0.11089619600257898,0.9308510638297872,1.3006125080593165,1.0,4768,0.7685364281108962,1652,0.3464765100671141,5775,0.9308510638297872,1834,0.31757575757575757
official_test,H0,1,0.43,0.05,6204,10495,3449,0.32863268222963316,0.8458252740167633,0.2878787878787879,10495,0.17017627441638875,0.10880077369439071,0.9276273372018052,1.3083494519664733,1.0,4740,0.7640232108317214,1630,0.3438818565400844,5755,0.9276273372018052,1819,0.3160729800173762
official_test,H0,1,0.44,0.05,6204,10467,3435,0.32817426196617944,0.843568665377176,0.2861057382333978,10467,0.1695805866055221,0.10847840103159252,0.9253707285622179,1.312862669245648,1.0,4726,0.7617666021921341,1622,0.343207786711807,5741,0.9253707285622179,1813,0.3157986413516809
official_test,H0,1,0.45,0.05,6204,10436,3419,0.32761594480643924,0.84107027724049,0.2838491295938104,10436,0.16874281333844385,0.10767246937459704,0.9219858156028369,1.31785944551902,1.0,4716,0.7601547388781431,1618,0.3430873621713316,5720,0.9219858156028369,1801,0.3148601398601399
official_test,H0,1,0.46,0.05,6204,10391,3396,0.32682128765277646,0.8374435847840103,0.2807865892972276,10391,0.16764507747088828,0.10638297872340426,0.9189232753062541,1.3251128304319795,1.0,4690,0.7559638942617666,1604,0.3420042643923241,5701,0.9189232753062541,1792,0.3143308191545343
official_test,H0,1,0.47,0.05,6204,10370,3376,0.32555448408871746,0.8357511283043197,0.27885235332043845,10370,0.16682738669238187,0.10509348807221147,0.9174725983236621,1.3284977433913605,1.0,4678,0.7540296582849775,1596,0.34117144078666095,5692,0.9174725983236621,1780,0.31271960646521435
official_test,H0,1,0.48,0.05,6204,10338,3362,0.3252079705939253,0.8331721470019342,0.27740167633784657,10338,0.1664732056490617,0.10477111540941328,0.9142488716956803,1.3336557059961316,1.0,4666,0.7520954223081883,1588,0.3403343334762109,5672,0.9142488716956803,1774,0.31276445698166433
official_test,H0,1,0.49,0.05,6204,10294,3342,0.32465513891587333,0.8296260477111541,0.2745003223726628,10294,0.1654361764134447,0.1041263700838169,0.9097356544165055,1.3407479045776918,1.0,4650,0.7495164410058027,1582,0.34021505376344086,5644,0.9097356544165055,1760,0.3118355776045358
official_test,H0,1,0.5,0.05,6204,10248,3323,0.3242583918813427,0.8259187620889749,0.2735332043842682,10248,0.16559328649492583,0.1036428110896196,0.905544809800129,1.3481624758220503,1.0,4630,0.7462927143778207,1574,0.33995680345572354,5618,0.905544809800129,1749,0.3113207547169811
official_test,H0,1,0.51,0.05,6204,10126,3276,0.3235236026071499,0.81608639587363,0.2688588007736944,10126,0.16472447165712029,0.10219213410702772,0.8971631205673759,1.36782720825274,1.0,4560,0.7350096711798839,1550,0.3399122807017544,5566,0.8971631205673759,1726,0.310097017606899
official_test,H0,1,0.52,0.05,6204,9986,3196,0.3200480672942119,0.8048033526756931,0.2601547388781431,9986,0.1616262767875025,0.09832366215344938,0.8878143133462283,1.3903932946486137,1.0,4478,0.721792392005158,1504,0.3358642251004913,5508,0.8878143133462283,1692,0.30718954248366015
official_test,H0,1,0.53,0.05,6204,9757,3098,0.3175156298042431,0.7863475177304965,0.24935525467440361,9757,0.1585528338628677,0.09332688588007737,0.8737911025145068,1.427304964539007,1.0,4336,0.6989039329464861,1440,0.33210332103321033,5421,0.8737911025145068,1658,0.30584762958863676
official_test,H0,1,0.54,0.05,6204,9486,2981,0.3142525827535315,0.7645067698259188,0.2375886524822695,9486,0.15538688593717057,0.08833010960670536,0.8607350096711799,1.4709864603481624,1.0,4146,0.6682785299806576,1358,0.32754462132175594,5340,0.8607350096711799,1623,0.3039325842696629
official_test,H0,1,0.55,0.05,6204,9241,2864,0.30992316848825885,0.7447614442295294,0.22501611863313992,9241,0.15106590195866249,0.08284977433913604,0.8467117988394585,1.5104771115409412,1.0,3988,0.6428110896196002,1286,0.32246740220661985,5253,0.8467117988394585,1578,0.3003997715591091
official_test,H0,1,0.56,0.05,6204,8998,2757,0.30640142253834185,0.725177304964539,0.21437782076079948,8998,0.1478106245832407,0.07736943907156674,0.8323662153449387,1.549645390070922,1.0,3834,0.6179883945841392,1220,0.31820552947313513,5164,0.8323662153449387,1537,0.29763749031758324
official_test,H0,1,0.57,0.05,6204,8773,2654,0.30251909267069416,0.7070438426821406,0.20567375886524822,8773,0.14544625555682206,0.07446808510638298,0.8183430045132173,1.5859123146357188,1.0,3696,0.5957446808510638,1160,0.31385281385281383,5077,0.8183430045132173,1494,0.29426826866259603
official_test,H0,1,0.58,0.05,6204,8565,2576,0.300758902510216,0.6902804642166345,0.19987105093488072,8565,0.14477524810274373,0.07221147646679561,0.8067375886524822,1.619439071566731,1.0,3560,0.5738233397807866,1104,0.3101123595505618,5005,0.8067375886524822,1472,0.2941058941058941
official_test,H0,1,0.59,0.05,6204,8290,2452,0.2957780458383595,0.6681173436492586,0.19197292069632496,8290,0.1436670687575392,0.06931012250161186,0.7882011605415861,1.6637653127014829,1.0,3400,0.5480335267569311,1036,0.30470588235294116,4890,0.7882011605415861,1416,0.28957055214723926
official_test,H0,1,0.6,0.05,6204,7960,2310,0.29020100502512564,0.6415215989684074,0.17891682785299806,7960,0.13944723618090452,0.06302385557704707,0.7643455834945196,1.7169568020631851,1.0,3218,0.5186976144422953,954,0.2964574269732753,4742,0.7643455834945196,1356,0.2859552931252636
official_test,H0,1,0.61,0.05,6204,7629,2165,0.2837855551186263,0.6148452611218569,0.17005157962604772,7629,0.13828811115480405,0.05915538362346873,0.7396840747904577,1.7703094777562862,1.0,3040,0.49000644745325594,872,0.2868421052631579,4589,0.7396840747904577,1293,0.2817607321856614
official_test,H0,1,0.62,0.05,6204,7278,2037,0.2798845836768343,0.5865570599613152,0.15715667311411993,7278,0.1339653751030503,0.05399742101869762,0.7088974854932302,1.8268858800773695,1.0,2880,0.46421663442940037,820,0.2847222222222222,4398,0.7088974854932302,1217,0.2767166894042747
official_test,H0,1,0.63,0.05,6204,6886,1890,0.2744699390066802,0.5549645390070922,0.1415215989684075,6886,0.12750508277664827,0.04771115409413282,0.6753707285622179,1.8900709219858156,1.0,2696,0.4345583494519665,758,0.2811572700296736,4190,0.6753707285622179,1132,0.2701670644391408
official_test,H0,1,0.64,0.05,6204,6495,1744,0.2685142417244034,0.5234526112185687,0.13039974210186975,6495,0.12455735180908391,0.04416505480335268,0.6439393939393939,1.9530947775628626,1.0,2500,0.4029658284977434,684,0.2736,3995,0.6439393939393939,1060,0.26533166458072593
official_test,H0,1,0.65,0.05,6204,6042,1597,0.2643164515061238,0.48694390715667313,0.11750483558994197,6042,0.12065541211519365,0.04013539651837524,0.6050934880722115,2.026112185686654,1.0,2288,0.36879432624113473,628,0.2744755244755245,3754,0.6050934880722115,969,0.2581246670218434
official_test,H0,1,0.66,0.05,6204,5626,1437,0.2554212584429435,0.45341715022566087,0.10509348807221147,5626,0.11589050835407039,0.03368794326241135,0.5702772404900065,2.0931656995486785,1.0,2088,0.3365570599613153,550,0.26340996168582376,3538,0.5702772404900065,887,0.25070661390616167
official_test,H0,1,0.67,0.05,6204,5152,1265,0.24553571428571427,0.4152159896840748,0.09332688588007737,5152,0.1123835403726708,0.029980657640232108,0.528046421663443,2.1695680206318504,1.0,1876,0.30238555770470665,472,0.2515991471215352,3276,0.528046421663443,793,0.24206349206349206
official_test,H0,1,0.68,0.05,6204,4615,1073,0.2325027085590466,0.37193745970341713,0.07753062540296583,4615,0.10422535211267606,0.02321083172147002,0.4824306898774984,2.256125080593166,1.0,1622,0.26144422952933594,382,0.23551171393341552,2993,0.4824306898774984,691,0.23087203474774473
official_test,H0,1,0.69,0.05,6204,4149,907,0.2186068932272837,0.33438104448742745,0.06254029658284978,4149,0.09351651000241022,0.016763378465506126,0.44277885235332043,2.331237911025145,1.0,1402,0.2259832366215345,306,0.21825962910128388,2747,0.44277885235332043,601,0.21878412813978887
official_test,H0,1,0.7,0.05,6204,3727,770,0.20660048296216796,0.3003707285622179,0.05270793036750483,3727,0.08773812718003757,0.014345583494519665,0.4034493874919407,2.399258542875564,1.0,1224,0.19729206963249515,242,0.1977124183006536,2503,0.4034493874919407,528,0.21094686376348382
official_test,H0,1,0.71,0.05,6204,3333,632,0.18961896189618963,0.26861702127659576,0.04722759509993552,3333,0.08790879087908791,0.012572533849129593,0.36927788523533206,2.4627659574468086,1.0,1042,0.16795615731785946,190,0.18234165067178504,2291,0.36927788523533206,442,0.19292885202968135
official_test,H0,1,0.72,0.05,6204,3012,561,0.18625498007968128,0.24274661508704062,0.04029658284977434,3012,0.08300132802124834,0.010477111540941329,0.33945841392649906,2.514506769825919,1.0,906,0.14603481624758222,164,0.18101545253863136,2106,0.33945841392649906,397,0.18850902184235518
official_test,H0,1,0.73,0.05,6204,2694,467,0.17334818114328138,0.21711798839458413,0.03368794326241135,2694,0.07757980697847068,0.007414571244358479,0.3081882656350741,2.5657640232108316,1.0,782,0.12604771115409413,130,0.16624040920716113,1912,0.3081882656350741,337,0.17625523012552302
official_test,H0,1,0.74,0.05,6204,2421,401,0.16563403552251135,0.19511605415860736,0.029013539651837523,2421,0.07434944237918216,0.005802707930367505,0.27804642166344296,2.609767891682785,1.0,696,0.11218568665377177,110,0.15804597701149425,1725,0.27804642166344296,291,0.16869565217391305
official_test,H0,1,0.75,0.05,6204,2161,359,0.16612679315131884,0.1741618310767247,0.024661508704061894,2161,0.07080055529847293,0.00548033526756931,0.2503223726627982,2.6516763378465504,1.0,608,0.09800128949065119,92,0.1513157894736842,1553,0.2503223726627982,267,0.17192530585962654
official_test,H0,1,0.76,0.05,6204,1922,301,0.15660770031217483,0.15490006447453256,0.020631850419084462,1922,0.06659729448491156,0.0037072856221792394,0.22243713733075435,2.6901998710509347,1.0,542,0.08736299161831076,76,0.14022140221402213,1380,0.22243713733075435,225,0.16304347826086957
official_test,H0,1,0.77,0.05,6204,1739,261,0.15008625646923518,0.14015151515151514,0.019342359767891684,1739,0.06900517538815411,0.0035460992907801418,0.20261121856866537,2.7196969696969697,1.0,482,0.07769181173436493,58,0.12033195020746888,1257,0.20261121856866537,203,0.1614956245027844
official_test,H0,1,0.78,0.05,6204,1567,233,0.14869176770899808,0.12628949065119277,0.018536428110896196,1567,0.07338864071474155,0.0035460992907801418,0.1819793681495809,2.7474210186976142,1.0,438,0.07059961315280464,54,0.1232876712328767,1129,0.1819793681495809,179,0.15854738706820196
official_test,H0,1,0.79,0.05,6204,1404,195,0.1388888888888889,0.11315280464216634,0.01708575112830432,1404,0.0754985754985755,0.0030625402965828497,0.16183107672469374,2.7736943907156673,1.0,400,0.06447453255963895,46,0.115,1004,0.16183107672469374,149,0.14840637450199204
official_test,H0,1,0.8,0.05,6204,1195,149,0.12468619246861924,0.09630883301096067,0.01466795615731786,1195,0.07615062761506276,0.0024177949709864605,0.13813668600902643,2.8073823339780786,1.0,338,0.054480980012894906,32,0.09467455621301775,857,0.13813668600902643,117,0.13652275379229872
official_test,H0,1,0.81,0.05,6204,1075,124,0.11534883720930232,0.08663765312701482,0.014506769825918761,1075,0.08372093023255814,0.0024177949709864605,0.12298517085751129,2.8267246937459705,1.0,312,0.05029013539651837,28,0.08974358974358974,763,0.12298517085751129,96,0.1258191349934469
official_test,H0,1,0.82,0.05,6204,968,97,0.10020661157024793,0.07801418439716312,0.013217279174725984,968,0.08471074380165289,0.0020954223081882657,0.11089619600257898,2.8439716312056738,1.0,280,0.04513217279174726,22,0.07857142857142857,688,0.11089619600257898,75,0.10901162790697674
official_test,H0,1,0.83,0.05,6204,868,79,0.09101382488479262,0.06995486782720825,0.011927788523533205,868,0.08525345622119816,0.0016118633139909735,0.097678916827853,2.8600902643455837,1.0,262,0.04223081882656351,22,0.08396946564885496,606,0.097678916827853,57,0.09405940594059406
official_test,H0,1,0.84,0.05,6204,765,75,0.09803921568627451,0.06165377176015474,0.011283043197936816,765,0.0915032679738562,0.0016118633139909735,0.0849451966473243,2.8766924564796907,1.0,238,0.03836234687298517,22,0.09243697478991597,527,0.0849451966473243,53,0.10056925996204934
official_test,H0,1,0.85,0.05,6204,668,59,0.08832335329341318,0.05383623468729852,0.009993552546744036,668,0.09281437125748503,0.0012894906511927789,0.07382333978078659,2.892327530625403,1.0,210,0.033849129593810444,18,0.08571428571428572,458,0.07382333978078659,41,0.08951965065502183
official_test,H0,1,0.86,0.05,6204,577,43,0.07452339688041594,0.04650225660863959,0.008059316569954868,577,0.08665511265164645,0.0006447453255963894,0.06302385557704707,2.906995486782721,1.0,186,0.029980657640232108,16,0.08602150537634409,391,0.06302385557704707,27,0.06905370843989769
official_test,H0,1,0.87,0.05,6204,517,37,0.07156673114119923,0.041666666666666664,0.007575757575757576,517,0.09090909090909091,0.0006447453255963894,0.05560928433268859,2.9166666666666665,1.0,172,0.027724049000644745,14,0.08139534883720931,345,0.05560928433268859,23,0.06666666666666667
official_test,H0,1,0.88,0.05,6204,460,30,0.06521739130434782,0.03707285622179239,0.006447453255963894,460,0.08695652173913043,0.0003223726627981947,0.048355899419729204,2.9258542875564153,1.0,160,0.025789813023855575,12,0.075,300,0.048355899419729204,18,0.06
official_test,H0,1,0.89,0.05,6204,379,21,0.055408970976253295,0.03054480980012895,0.004835589941972921,379,0.079155672823219,0.0003223726627981947,0.03916827852998066,2.9389103803997423,1.0,136,0.02192134107027724,8,0.058823529411764705,243,0.03916827852998066,13,0.053497942386831275
official_test,H0,1,0.9,0.05,6204,298,19,0.06375838926174497,0.024016763378465505,0.0037072856221792394,298,0.07718120805369127,0.0003223726627981947,0.029658284977433915,2.951966473243069,1.0,114,0.0183752417794971,8,0.07017543859649122,184,0.029658284977433915,11,0.059782608695652176
official_test,H0,1,0.91,0.05,6204,237,9,0.0379746835443038,0.019100580270793036,0.003223726627981947,237,0.08438818565400844,0.0003223726627981947,0.023694390715667313,2.961798839458414,1.0,90,0.014506769825918761,4,0.044444444444444446,147,0.023694390715667313,5,0.034013605442176874
official_test,H0,1,0.92,0.05,6204,189,5,0.026455026455026454,0.0152321083172147,0.0017730496453900709,189,0.0582010582010582,0.0,0.018536428110896196,2.9695357833655707,1.0,74,0.011927788523533205,2,0.02702702702702703,115,0.018536428110896196,3,0.02608695652173913
official_test,H0,1,0.93,0.05,6204,113,5,0.04424778761061947,0.009107027724049001,0.00048355899419729207,113,0.02654867256637168,0.0,0.011121856866537718,2.981785944551902,1.0,44,0.0070921985815602835,2,0.045454545454545456,69,0.011121856866537718,3,0.043478260869565216
official_test,H0,1,0.94,0.05,6204,73,0,0.0,0.005883301096067053,0.0003223726627981947,73,0.0273972602739726,0.0,0.006931012250161186,2.988233397807866,1.0,30,0.004835589941972921,0,0.0,43,0.006931012250161186,0,0.0
official_test,H0,1,0.95,0.05,6204,43,0,0.0,0.003465506125080593,0.0,43,0.0,0.0,0.004029658284977434,2.993068987749839,1.0,18,0.0029013539651837525,0,0.0,25,0.004029658284977434,0,0.0
official_test,H0,1,0.96,0.05,6204,22,0,0.0,0.0017730496453900709,0.0,22,0.0,0.0,0.0019342359767891683,2.99645390070922,1.0,10,0.0016118633139909735,0,0.0,12,0.0019342359767891683,0,0.0
official_test,H0,1,0.97,0.05,6204,9,0,0.0,0.0007253384912959381,0.0,9,0.0,0.0,0.0008059316569954867,2.998549323017408,1.0,4,0.0006447453255963894,0,0.0,5,0.0008059316569954867,0,0.0
official_test,H0,1,0.98,0.05,6204,0,0,,0.0,0.0,0,,0.0,0.0,3.0,1.0,0,0.0,0,,0,0.0,0,
official_test,H0,1,0.99,0.05,6204,0,0,,0.0,0.0,0,,0.0,0.0,3.0,1.0,0,0.0,0,,0,0.0,0,
official_test,H0,1,1.0,0.05,6204,0,0,,0.0,0.0,0,,0.0,0.0,3.0,1.0,0,0.0,0,,0,0.0,0,
official_test,H0,12,0.0,0.2,6204,12408,5165,0.41626370083816894,1.0,0.5161186331399097,12408,0.25805931656995484,0.2438749194068343,1.0,1.0,1.0,6204,1.0,2960,0.4771115409413282,6204,1.0,2205,0.3554158607350097
official_test,H0,12,0.01,0.2,6204,12408,5165,0.41626370083816894,1.0,0.5161186331399097,12408,0.25805931656995484,0.2438749194068343,1.0,1.0,1.0,6204,1.0,2960,0.4771115409413282,6204,1.0,2205,0.3554158607350097
official_test,H0,12,0.02,0.2,6204,12408,5165,0.41626370083816894,1.0,0.5161186331399097,12408,0.25805931656995484,0.2438749194068343,1.0,1.0,1.0,6204,1.0,2960,0.4771115409413282,6204,1.0,2205,0.3554158607350097
official_test,H0,12,0.03,0.2,6204,12408,5165,0.41626370083816894,1.0,0.5161186331399097,12408,0.25805931656995484,0.2438749194068343,1.0,1.0,1.0,6204,1.0,2960,0.4771115409413282,6204,1.0,2205,0.3554158607350097
official_test,H0,12,0.04,0.2,6204,12408,5165,0.41626370083816894,1.0,0.5161186331399097,12408,0.25805931656995484,0.2438749194068343,1.0,1.0,1.0,6204,1.0,2960,0.4771115409413282,6204,1.0,2205,0.3554158607350097
official_test,H0,12,0.05,0.2,6204,12408,5165,0.41626370083816894,1.0,0.5161186331399097,12408,0.25805931656995484,0.2438749194068343,1.0,1.0,1.0,6204,1.0,2960,0.4771115409413282,6204,1.0,2205,0.3554158607350097
official_test,H0,12,0.06,0.2,6204,12408,5165,0.41626370083816894,1.0,0.5161186331399097,12408,0.25805931656995484,0.2438749194068343,1.0,1.0,1.0,6204,1.0,2960,0.4771115409413282,6204,1.0,2205,0.3554158607350097
official_test,H0,12,0.07,0.2,6204,12408,5165,0.41626370083816894,1.0,0.5161186331399097,12408,0.25805931656995484,0.2438749194068343,1.0,1.0,1.0,6204,1.0,2960,0.4771115409413282,6204,1.0,2205,0.3554158607350097
official_test,H0,12,0.08,0.2,6204,12248,5019,0.4097811887655127,0.9871050934880722,0.5024177949709865,12248,0.25449052906597,0.2371050934880722,1.0,1.0257898130238556,1.0,6044,0.9742101869761445,2814,0.46558570483123757,6204,1.0,2205,0.3554158607350097
official_test,H0,12,0.09,0.2,6204,11700,4519,0.38623931623931623,0.9429400386847195,0.437137330754352,11700,0.2317948717948718,0.19842037395228884,1.0,1.114119922630561,1.0,5496,0.8858800773694391,2314,0.4210334788937409,6204,1.0,2205,0.3554158607350097
official_test,H0,12,0.1,0.2,6204,10845,3744,0.34522821576763485,0.8740328820116054,0.3339780786589297,10845,0.19105578607653295,0.13571889103803997,0.9782398452611218,1.251934235976789,1.0,4776,0.769825918762089,1658,0.3471524288107203,6069,0.9782398452611218,2086,0.34371395617070355
official_test,H0,12,0.11,0.2,6204,10781,3681,0.3414340042667656,0.8688749194068343,0.3276918117343649,10781,0.18857248863741768,0.13233397807865893,0.968568665377176,1.2622501611863315,1.0,4772,0.7691811734364926,1654,0.34660519698239733,6009,0.968568665377176,2027,0.33732734231985356
official_test,H0,12,0.12,0.2,6204,10781,3681,0.3414340042667656,0.8688749194068343,0.3276918117343649,10781,0.18857248863741768,0.13233397807865893,0.968568665377176,1.2622501611863315,1.0,4772,0.7691811734364926,1654,0.34660519698239733,6009,0.968568665377176,2027,0.33732734231985356
official_test,H0,12,0.13,0.2,6204,10684,3593,0.33629726694122053,0.8610573823339781,0.31431334622823986,10684,0.1825159116435792,0.12282398452611218,0.9529335912314636,1.2778852353320438,1.0,4772,0.7691811734364926,1654,0.34660519698239733,5912,0.9529335912314636,1939,0.3279769959404601
official_test,H0,12,0.14,0.2,6204,10578,3499,0.3307808659481944,0.8525145067698259,0.29916183107672467,10578,0.17545849877103423,0.11266924564796905,0.9358478401031592,1.2949709864603483,1.0,4772,0.7691811734364926,1654,0.34660519698239733,5806,0.9358478401031592,1845,0.31777471581122974
official_test,H0,12,0.15,0.2,6204,10576,3497,0.33065431164901665,0.8523533204384268,0.2988394584139265,10576,0.17530257186081694,0.11234687298517086,0.935525467440361,1.2952933591231464,1.0,4772,0.7691811734364926,1654,0.34660519698239733,5804,0.935525467440361,1843,0.317539627842867
official_test,H0,12,0.16,0.2,6204,10576,3497,0.33065431164901665,0.8523533204384268,0.2988394584139265,10576,0.17530257186081694,0.11234687298517086,0.935525467440361,1.2952933591231464,1.0,4772,0.7691811734364926,1654,0.34660519698239733,5804,0.935525467440361,1843,0.317539627842867
official_test,H0,12,0.17,0.2,6204,10576,3497,0.33065431164901665,0.8523533204384268,0.2988394584139265,10576,0.17530257186081694,0.11234687298517086,0.935525467440361,1.2952933591231464,1.0,4772,0.7691811734364926,1654,0.34660519698239733,5804,0.935525467440361,1843,0.317539627842867
official_test,H0,12,0.18,0.2,6204,10576,3497,0.33065431164901665,0.8523533204384268,0.2988394584139265,10576,0.17530257186081694,0.11234687298517086,0.935525467440361,1.2952933591231464,1.0,4772,0.7691811734364926,1654,0.34660519698239733,5804,0.935525467440361,1843,0.317539627842867
official_test,H0,12,0.19,0.2,6204,10576,3497,0.33065431164901665,0.8523533204384268,0.2988394584139265,10576,0.17530257186081694,0.11234687298517086,0.935525467440361,1.2952933591231464,1.0,4772,0.7691811734364926,1654,0.34660519698239733,5804,0.935525467440361,1843,0.317539627842867
official_test,H0,12,0.2,0.2,6204,10576,3497,0.33065431164901665,0.8523533204384268,0.2988394584139265,10576,0.17530257186081694,0.11234687298517086,0.935525467440361,1.2952933591231464,1.0,4772,0.7691811734364926,1654,0.34660519698239733,5804,0.935525467440361,1843,0.317539627842867
official_test,H0,12,0.21,0.2,6204,10576,3497,0.33065431164901665,0.8523533204384268,0.2988394584139265,10576,0.17530257186081694,0.11234687298517086,0.935525467440361,1.2952933591231464,1.0,4772,0.7691811734364926,1654,0.34660519698239733,5804,0.935525467440361,1843,0.317539627842867
official_test,H0,12,0.22,0.2,6204,10576,3500,0.33093797276853254,0.8523533204384268,0.2985170857511283,10576,0.17511346444780634,0.11234687298517086,0.935525467440361,1.2952933591231464,1.0,4772,0.7691811734364926,1654,0.34660519698239733,5804,0.935525467440361,1846,0.3180565127498277
official_test,H0,12,0.23,0.2,6204,10576,3505,0.331410741301059,0.8523533204384268,0.2970664087685364,10576,0.1742624810892587,0.11218568665377177,0.935525467440361,1.2952933591231464,1.0,4772,0.7691811734364926,1654,0.34660519698239733,5804,0.935525467440361,1851,0.31891798759476225
official_test,H0,12,0.24,0.2,6204,10576,3494,0.33037065052950076,0.8523533204384268,0.29513217279174725,10576,0.17312783661119516,0.11170212765957446,0.935525467440361,1.2952933591231464,1.0,4772,0.7691811734364926,1654,0.34660519698239733,5804,0.935525467440361,1840,0.31702274293590627
official_test,H0,12,0.25,0.2,6204,10576,3498,0.33074886535552195,0.8523533204384268,0.29464861379755,10576,0.17284417549167927,0.11170212765957446,0.935525467440361,1.2952933591231464,1.0,4772,0.7691811734364926,1654,0.34660519698239733,5804,0.935525467440361,1844,0.3177119228118539
official_test,H0,12,0.26,0.2,6204,10576,3497,0.33065431164901665,0.8523533204384268,0.2941650548033527,10576,0.17256051437216338,0.11170212765957446,0.935525467440361,1.2952933591231464,1.0,4772,0.7691811734364926,1654,0.34660519698239733,5804,0.935525467440361,1843,0.317539627842867
official_test,H0,12,0.27,0.2,6204,10576,3499,0.33084341906202724,0.8523533204384268,0.29368149580915537,10576,0.1722768532526475,0.11170212765957446,0.935525467440361,1.2952933591231464,1.0,4772,0.7691811734364926,1654,0.34660519698239733,5804,0.935525467440361,1845,0.3178842177808408
official_test,H0,12,0.28,0.2,6204,10576,3504,0.3313161875945537,0.8523533204384268,0.2927143778207608,10576,0.17170953101361575,0.11154094132817537,0.935525467440361,1.2952933591231464,1.0,4772,0.7691811734364926,1654,0.34660519698239733,5804,0.935525467440361,1850,0.31874569262577535
official_test,H0,12,0.29,0.2,6204,10576,3502,0.33112708018154313,0.8523533204384268,0.2917472598323662,10576,0.17114220877458397,0.11137975499677627,0.935525467440361,1.2952933591231464,1.0,4772,0.7691811734364926,1654,0.34660519698239733,5804,0.935525467440361,1848,0.31840110268780153
official_test,H0,12,0.3,0.2,6204,10576,3502,0.33112708018154313,0.8523533204384268,0.2909413281753707,10576,0.1706694402420575,0.11121856866537717,0.935525467440361,1.2952933591231464,1.0,4772,0.7691811734364926,1654,0.34660519698239733,5804,0.935525467440361,1848,0.31840110268780153
official_test,H0,12,0.31,0.2,6204,10576,3502,0.33112708018154313,0.8523533204384268,0.29029658284977433,10576,0.1702912254160363,0.11121856866537717,0.935525467440361,1.2952933591231464,1.0,4772,0.7691811734364926,1654,0.34660519698239733,5804,0.935525467440361,1848,0.31840110268780153
official_test,H0,12,0.32,0.2,6204,10576,3502,0.33112708018154313,0.8523533204384268,0.28965183752417795,10576,0.16991301059001512,0.11105738233397808,0.935525467440361,1.2952933591231464,1.0,4772,0.7691811734364926,1654,0.34660519698239733,5804,0.935525467440361,1848,0.31840110268780153
official_test,H0,12,0.33,0.2,6204,10576,3502,0.33112708018154313,0.8523533204384268,0.28916827852998067,10576,0.16962934947049924,0.11089619600257898,0.935525467440361,1.2952933591231464,1.0,4772,0.7691811734364926,1654,0.34660519698239733,5804,0.935525467440361,1848,0.31840110268780153
official_test,H0,12,0.34,0.2,6204,10576,3508,0.3316944024205749,0.8523533204384268,0.28868471953578334,10576,0.16934568835098335,0.11089619600257898,0.935525467440361,1.2952933591231464,1.0,4772,0.7691811734364926,1654,0.34660519698239733,5804,0.935525467440361,1854,0.319434872501723
official_test,H0,12,0.35,0.2,6204,10576,3506,0.3315052950075643,0.8523533204384268,0.28868471953578334,10576,0.16934568835098335,0.11089619600257898,0.935525467440361,1.2952933591231464,1.0,4772,0.7691811734364926,1654,0.34660519698239733,5804,0.935525467440361,1852,0.31909028256374916
official_test,H0,12,0.36,0.2,6204,10576,3510,0.3318835098335855,0.8523533204384268,0.2883623468729852,10576,0.16915658093797276,0.11089619600257898,0.935525467440361,1.2952933591231464,1.0,4772,0.7691811734364926,1654,0.34660519698239733,5804,0.935525467440361,1856,0.31977946243969674
official_test,H0,12,0.37,0.2,6204,10576,3511,0.3319780635400908,0.8523533204384268,0.2875564152159897,10576,0.1686838124054463,0.11089619600257898,0.935525467440361,1.2952933591231464,1.0,4772,0.7691811734364926,1654,0.34660519698239733,5804,0.935525467440361,1857,0.31995175740868365
official_test,H0,12,0.38,0.2,6204,10576,3519,0.3327344931921331,0.8523533204384268,0.2869116698903933,10576,0.16830559757942512,0.11089619600257898,0.935525467440361,1.2952933591231464,1.0,4772,0.7691811734364926,1654,0.34660519698239733,5804,0.935525467440361,1865,0.3213301171605789
official_test,H0,12,0.39,0.2,6204,10576,3522,0.333018154311649,0.8523533204384268,0.286428110896196,10576,0.16802193645990923,0.11073500967117988,0.935525467440361,1.2952933591231464,1.0,4772,0.7691811734364926,1654,0.34660519698239733,5804,0.935525467440361,1868,0.32184700206753963
official_test,H0,12,0.4,0.2,6204,10576,3520,0.3328290468986384,0.8523533204384268,0.28433268858800775,10576,0.16679273827534039,0.1099290780141844,0.935525467440361,1.2952933591231464,1.0,4772,0.7691811734364926,1654,0.34660519698239733,5804,0.935525467440361,1866,0.3215024121295658
official_test,H0,12,0.41,0.2,6204,10576,3516,0.3324508320726172,0.8523533204384268,0.28320438426821404,10576,0.16613086232980334,0.1096067053513862,0.935525467440361,1.2952933591231464,1.0,4772,0.7691811734364926,1654,0.34660519698239733,5804,0.935525467440361,1862,0.3208132322536182
official_test,H0,12,0.42,0.2,6204,10570,3517,0.3327341532639546,0.8518697614442295,0.2804642166344294,10570,0.16461684011352887,0.109284332688588,0.9345583494519665,1.296260477111541,1.0,4772,0.7691811734364926,1654,0.34660519698239733,5798,0.9345583494519665,1863,0.32131769575715763
official_test,H0,12,0.43,0.2,6204,10560,3521,0.3334280303030303,0.851063829787234,0.278207607994842,10560,0.1634469696969697,0.10880077369439071,0.9329464861379755,1.297872340425532,1.0,4772,0.7691811734364926,1654,0.34660519698239733,5788,0.9329464861379755,1867,0.32256392536281964
official_test,H0,12,0.44,0.2,6204,10541,3508,0.33279574992884925,0.8495325596389426,0.2765957446808511,10541,0.16279290389906081,0.10831721470019343,0.9298839458413927,1.3009348807221148,1.0,4772,0.7691811734364926,1654,0.34660519698239733,5769,0.9298839458413927,1854,0.3213728549141966
official_test,H0,12,0.45,0.2,6204,10534,3510,0.33320675906588193,0.8489684074790458,0.27562862669245647,10534,0.1623314980064553,0.10783365570599614,0.928755641521599,1.3020631850419084,1.0,4772,0.7691811734364926,1654,0.34660519698239733,5762,0.928755641521599,1856,0.3221103783408539
official_test,H0,12,0.46,0.2,6204,10506,3499,0.333047782219684,0.8467117988394585,0.2733720180528691,10506,0.1614315629164287,0.10735009671179883,0.9264990328820116,1.306576402321083,1.0,4758,0.7669245647969052,1644,0.3455233291298865,5748,0.9264990328820116,1855,0.32272094641614474
official_test,H0,12,0.47,0.2,6204,10445,3465,0.3317376735280038,0.841795615731786,0.27014829142488717,10445,0.1604595500239349,0.10525467440361057,0.9218246292714378,1.316408768536428,1.0,4726,0.7617666021921341,1622,0.343207786711807,5719,0.9218246292714378,1843,0.3222591362126246
official_test,H0,12,0.48,0.2,6204,10424,3466,0.3325019186492709,0.8401031592520954,0.268214055448098,10424,0.15963161933998465,0.10477111540941328,0.9197292069632496,1.3197936814958091,1.0,4718,0.7604771115409413,1618,0.34294192454429845,5706,0.9197292069632496,1848,0.323869610935857
official_test,H0,12,0.49,0.2,6204,10361,3438,0.3318212527748287,0.8350257898130239,0.26450676982591875,10361,0.1583823955216678,0.1038039974210187,0.9140876853642811,1.3299484203739522,1.0,4690,0.7559638942617666,1604,0.3420042643923241,5671,0.9140876853642811,1834,0.32339975312995944
official_test,H0,12,0.5,0.2,6204,10332,3430,0.3319783197831978,0.8326885880077369,0.26305609284332687,10332,0.15795586527293845,0.10283687943262411,0.9107027724049,1.3346228239845261,1.0,4682,0.7546744036105738,1598,0.3413071337035455,5650,0.9107027724049,1832,0.32424778761061945
official_test,H0,12,0.51,0.2,6204,10291,3414,0.3317461859877563,0.8293842682140554,0.25999355254674406,10291,0.1567388980662715,0.10170857511283043,0.9063507414571245,1.3412314635718892,1.0,4668,0.7524177949709865,1588,0.3401885175664096,5623,0.9063507414571245,1826,0.32473768451004803
official_test,H0,12,0.52,0.2,6204,10240,3404,0.332421875,0.8252740167633784,0.25822050290135395,10240,0.1564453125,0.10170857511283043,0.900709219858156,1.3494519664732432,1.0,4652,0.749838813668601,1584,0.3404987102321582,5588,0.900709219858156,1820,0.325697924123121
official_test,H0,12,0.53,0.2,6204,10140,3369,0.33224852071005917,0.8172147001934236,0.2540296582849774,10140,0.1554240631163708,0.10025789813023855,0.8936170212765957,1.3655705996131529,1.0,4596,0.7408123791102514,1564,0.34029590948651,5544,0.8936170212765957,1805,0.3255772005772006
official_test,H0,12,0.54,0.2,6204,10023,3318,0.3310386111942532,0.8077852998065764,0.24854932301740812,10023,0.15384615384615385,0.09896840747904578,0.8837846550612508,1.3844294003868471,1.0,4540,0.731785944551902,1538,0.3387665198237885,5483,0.8837846550612508,1780,0.32463979573226337
official_test,H0,12,0.55,0.2,6204,9850,3235,0.3284263959390863,0.7938426821405545,0.24194068343004513,9850,0.15238578680203047,0.09606705351386202,0.8713733075435203,1.412314635718891,1.0,4444,0.7163120567375887,1496,0.33663366336633666,5406,0.8713733075435203,1739,0.32167961524232336
official_test,H0,12,0.56,0.2,6204,9676,3157,0.326271186440678,0.779819471308833,0.23468729851708575,9676,0.15047540305911533,0.09300451321727918,0.8597678916827853,1.440361057382334,1.0,4342,0.6998710509348807,1452,0.33440810686319666,5334,0.8597678916827853,1705,0.31964754405699286
official_test,H0,12,0.57,0.2,6204,9440,3030,0.3209745762711864,0.7607994842037396,0.22582205029013538,9440,0.14841101694915254,0.08800773694390715,0.8455834945196647,1.478401031592521,1.0,4194,0.6760154738878144,1380,0.3290414878397711,5246,0.8455834945196647,1650,0.3145253526496378
official_test,H0,12,0.58,0.2,6204,9135,2892,0.3165845648604269,0.7362185686653772,0.21534493874919408,9135,0.14625068418171866,0.08139909735654416,0.8296260477111541,1.5275628626692457,1.0,3988,0.6428110896196002,1292,0.3239719157472417,5147,0.8296260477111541,1600,0.3108606955508063
official_test,H0,12,0.59,0.2,6204,8875,2765,0.3115492957746479,0.7152643455834945,0.2059961315280464,8875,0.144,0.07736943907156674,0.8164087685364281,1.569471308833011,1.0,3810,0.6141199226305609,1210,0.31758530183727035,5065,0.8164087685364281,1555,0.3070088845014807
official_test,H0,12,0.6,0.2,6204,8556,2639,0.3084385226741468,0.6895551257253385,0.19777562862669246,8556,0.14340813464235624,0.07414571244358478,0.7962604771115409,1.620889748549323,1.0,3616,0.5828497743391361,1134,0.31360619469026546,4940,0.7962604771115409,1505,0.30465587044534415
official_test,H0,12,0.61,0.2,6204,8176,2459,0.3007583170254403,0.65892972275951,0.18617021276595744,8176,0.14126712328767124,0.06914893617021277,0.769825918762089,1.68214055448098,1.0,3400,0.5480335267569311,1036,0.30470588235294116,4776,0.769825918762089,1423,0.29794807370184256
official_test,H0,12,0.62,0.2,6204,7783,2256,0.2898625208788385,0.6272566086395873,0.17230818826563507,7783,0.13735063600154182,0.06270148291424887,0.7393617021276596,1.7454867827208254,1.0,3196,0.5151515151515151,930,0.2909887359198999,4587,0.7393617021276596,1326,0.289077828646174
official_test,H0,12,0.63,0.2,6204,7428,2108,0.28379106085083466,0.5986460348162476,0.16118633139909735,7428,0.13462574044157244,0.05673758865248227,0.7098646034816247,1.8027079303675049,1.0,3024,0.4874274661508704,866,0.2863756613756614,4404,0.7098646034816247,1242,0.28201634877384196
official_test,H0,12,0.64,0.2,6204,7012,1963,0.27994865944095837,0.5651192778852353,0.14716312056737588,7012,0.13020536223616658,0.05077369439071567,0.6750483558994197,1.8697614442295294,1.0,2824,0.4551901998710509,804,0.2847025495750708,4188,0.6750483558994197,1159,0.27674307545367716
official_test,H0,12,0.65,0.2,6204,6667,1814,0.272086395680216,0.537314635718891,0.13652482269503546,6667,0.12704364781760913,0.04674403610573823,0.6487749838813669,1.925370728562218,1.0,2642,0.4258542875564152,734,0.2778198334595004,4025,0.6487749838813669,1080,0.2683229813664596
official_test,H0,12,0.66,0.2,6204,6174,1645,0.26643990929705214,0.4975822050290135,0.12427466150870406,6174,0.12487852283770651,0.04335912314635719,0.6073500967117988,2.004835589941973,1.0,2406,0.38781431334622823,656,0.2726517040731505,3768,0.6073500967117988,989,0.2624734607218684
official_test,H0,12,0.67,0.2,6204,5766,1512,0.26222684703433924,0.4647001934235977,0.11170212765957446,5766,0.12018730489073881,0.03787878787878788,0.5738233397807866,2.0705996131528046,1.0,2206,0.35557704706640875,590,0.26745240253853125,3560,0.5738233397807866,922,0.2589887640449438
official_test,H0,12,0.68,0.2,6204,5235,1311,0.2504297994269341,0.42190522243713735,0.09542230818826564,5235,0.11308500477554918,0.03110896196002579,0.531431334622824,2.1561895551257253,1.0,1938,0.31237911025145065,494,0.2549019607843137,3297,0.531431334622824,817,0.2478010312405217
official_test,H0,12,0.69,0.2,6204,4729,1120,0.2368365404948192,0.3811250805931657,0.08301096067053514,4729,0.10890251638824276,0.026434558349451968,0.4892005157962605,2.2377498388136687,1.0,1694,0.2730496453900709,404,0.2384887839433294,3035,0.4892005157962605,716,0.23591433278418453
official_test,H0,12,0.7,0.2,6204,4167,926,0.2222222222222222,0.33583172147001933,0.06834300451321727,4167,0.1017518598512119,0.019342359767891684,0.4434235976789168,2.3283365570599615,1.0,1416,0.22823984526112184,312,0.22033898305084745,2751,0.4434235976789168,614,0.2231915667030171
official_test,H0,12,0.71,0.2,6204,3683,779,0.2115123540591909,0.29682462927143777,0.056415215989684075,3683,0.09503122454520771,0.015957446808510637,0.39990328820116056,2.4063507414571244,1.0,1202,0.19374597034171503,252,0.2096505823627288,2481,0.39990328820116056,527,0.2124143490528013
official_test,H0,12,0.72,0.2,6204,3290,639,0.19422492401215805,0.26515151515151514,0.04819471308833011,3290,0.09088145896656535,0.01337846550612508,0.36202450032237266,2.4696969696969697,1.0,1044,0.16827852998065765,194,0.18582375478927204,2246,0.36202450032237266,445,0.1981300089047195
official_test,H0,12,0.73,0.2,6204,2939,543,0.18475671997277987,0.23686331399097357,0.039974210186976146,2939,0.0843824430078258,0.010477111540941329,0.3270470664087685,2.526273372018053,1.0,910,0.1466795615731786,168,0.18461538461538463,2029,0.3270470664087685,375,0.18482010842779695
official_test,H0,12,0.74,0.2,6204,2616,449,0.17163608562691132,0.21083172147001933,0.03288201160541586,2616,0.0779816513761468,0.006931012250161186,0.29368149580915537,2.5783365570599615,1.0,794,0.1279819471308833,132,0.16624685138539042,1822,0.29368149580915537,317,0.17398463227222832
official_test,H0,12,0.75,0.2,6204,2381,409,0.17177656446871062,0.1918923275306254,0.02933591231463572,2381,0.07643847123057539,0.006286266924564797,0.26676337846550613,2.616215344938749,1.0,726,0.11702127659574468,122,0.16804407713498623,1655,0.26676337846550613,287,0.17341389728096676
official_test,H0,12,0.76,0.2,6204,2105,351,0.1667458432304038,0.16964861379754997,0.025145067698259187,2105,0.07410926365795724,0.005963894261766602,0.23517085751128305,2.6607027724049,1.0,646,0.1041263700838169,102,0.15789473684210525,1459,0.23517085751128305,249,0.1706648389307745
official_test,H0,12,0.77,0.2,6204,1877,310,0.16515716568993075,0.15127337201805288,0.02208252740167634,1877,0.07298881193393714,0.004513217279174726,0.21034816247582205,2.6974532559638944,1.0,572,0.09219858156028368,90,0.15734265734265734,1305,0.21034816247582205,220,0.1685823754789272
official_test,H0,12,0.78,0.2,6204,1678,251,0.14958283671036948,0.1352353320438427,0.019825918762088973,1678,0.0733015494636472,0.0037072856221792394,0.18729851708575113,2.7295293359123147,1.0,516,0.08317214700193423,66,0.12790697674418605,1162,0.18729851708575113,185,0.15920826161790017
official_test,H0,12,0.79,0.2,6204,1531,217,0.1417374265186153,0.12338813668600902,0.018858800773694392,1531,0.07642064010450686,0.0037072856221792394,0.17005157962604772,2.753223726627982,1.0,476,0.07672469374597034,60,0.12605042016806722,1055,0.17005157962604772,157,0.14881516587677726
official_test,H0,12,0.8,0.2,6204,1381,174,0.12599565532223025,0.11129916183107673,0.017891682785299807,1381,0.08037653874004344,0.0030625402965828497,0.1526434558349452,2.7774016763378464,1.0,434,0.06995486782720825,50,0.1152073732718894,947,0.1526434558349452,124,0.13093980992608237
official_test,H0,12,0.81,0.2,6204,1189,143,0.12026913372582002,0.09582527401676338,0.014990328820116054,1189,0.0782169890664424,0.002740167633784655,0.13201160541586074,2.8083494519664733,1.0,370,0.05963894261766602,40,0.10810810810810811,819,0.13201160541586074,103,0.12576312576312576
official_test,H0,12,0.82,0.2,6204,1063,120,0.11288805268109126,0.08567053513862025,0.01402321083172147,1063,0.08184383819379115,0.0024177949709864605,0.11943907156673114,2.8286589297227596,1.0,322,0.05190199871050935,32,0.09937888198757763,741,0.11943907156673114,88,0.11875843454790823
official_test,H0,12,0.83,0.2,6204,948,99,0.10443037974683544,0.07640232108317214,0.012572533849129593,948,0.08227848101265822,0.0019342359767891683,0.10606060606060606,2.8471953578336557,1.0,290,0.04674403610573823,26,0.0896551724137931,658,0.10606060606060606,73,0.11094224924012158
official_test,H0,12,0.84,0.2,6204,817,77,0.09424724602203183,0.06584461637653127,0.011283043197936816,817,0.08567931456548347,0.0016118633139909735,0.08945841392649903,2.8683107672469377,1.0,262,0.04223081882656351,22,0.08396946564885496,555,0.08945841392649903,55,0.0990990990990991
official_test,H0,12,0.85,0.2,6204,722,65,0.09002770083102493,0.05818826563507415,0.009671179883945842,722,0.08310249307479224,0.0012894906511927789,0.07865892972275951,2.883623468729852,1.0,234,0.037717601547388784,22,0.09401709401709402,488,0.07865892972275951,43,0.08811475409836066
official_test,H0,12,0.86,0.2,6204,614,50,0.08143322475570032,0.04948420373952289,0.007575757575757576,614,0.07654723127035831,0.0006447453255963894,0.06769825918762089,2.901031592520954,1.0,194,0.03127014829142489,18,0.09278350515463918,420,0.06769825918762089,32,0.0761904761904762
official_test,H0,12,0.87,0.2,6204,517,36,0.06963249516441006,0.041666666666666664,0.006447453255963894,517,0.07736943907156674,0.0003223726627981947,0.05560928433268859,2.9166666666666665,1.0,172,0.027724049000644745,14,0.08139534883720931,345,0.05560928433268859,22,0.06376811594202898
official_test,H0,12,0.88,0.2,6204,415,26,0.06265060240963856,0.0334461637653127,0.004835589941972921,415,0.07228915662650602,0.0003223726627981947,0.04464861379754997,2.9331076724693745,1.0,138,0.022243713733075435,10,0.07246376811594203,277,0.04464861379754997,16,0.05776173285198556
official_test,H0,12,0.89,0.2,6204,314,19,0.06050955414012739,0.025306254029658286,0.004190844616376531,314,0.08280254777070063,0.0003223726627981947,0.033849129593810444,2.9493874919406835,1.0,104,0.016763378465506126,6,0.057692307692307696,210,0.033849129593810444,13,0.06190476190476191
official_test,H0,12,0.9,0.2,6204,243,9,0.037037037037037035,0.01958413926499033,0.0020954223081882657,243,0.053497942386831275,0.0,0.025950999355254675,2.9608317214700195,1.0,82,0.013217279174725984,2,0.024390243902439025,161,0.025950999355254675,7,0.043478260869565216
official_test,H0,12,0.91,0.2,6204,184,7,0.03804347826086957,0.014829142488716958,0.0011283043197936814,184,0.03804347826086957,0.0,0.019019987105093488,2.970341715022566,1.0,66,0.010638297872340425,2,0.030303030303030304,118,0.019019987105093488,5,0.0423728813559322
official_test,H0,12,0.92,0.2,6204,122,4,0.03278688524590164,0.009832366215344938,0.00048355899419729207,122,0.02459016393442623,0.0,0.012894906511927788,2.98033526756931,1.0,42,0.006769825918762089,0,0.0,80,0.012894906511927788,4,0.05
official_test,H0,12,0.93,0.2,6204,84,0,0.0,0.006769825918762089,0.0,84,0.0,0.0,0.009026434558349452,2.986460348162476,1.0,28,0.004513217279174726,0,0.0,56,0.009026434558349452,0,0.0
official_test,H0,12,0.94,0.2,6204,43,0,0.0,0.003465506125080593,0.0,43,0.0,0.0,0.004674403610573823,2.993068987749839,1.0,14,0.002256608639587363,0,0.0,29,0.004674403610573823,0,0.0
official_test,H0,12,0.95,0.2,6204,30,0,0.0,0.0024177949709864605,0.0,30,0.0,0.0,0.003223726627981947,2.995164410058027,1.0,10,0.0016118633139909735,0,0.0,20,0.003223726627981947,0,0.0
official_test,H0,12,0.96,0.2,6204,11,0,0.0,0.0008865248226950354,0.0,11,0.0,0.0,0.0011283043197936814,2.99822695035461,1.0,4,0.0006447453255963894,0,0.0,7,0.0011283043197936814,0,0.0
official_test,H0,12,0.97,0.2,6204,4,0,0.0,0.0003223726627981947,0.0,4,0.0,0.0,0.0003223726627981947,2.999355254674404,1.0,2,0.0003223726627981947,0,0.0,2,0.0003223726627981947,0,0.0
official_test,H0,12,0.98,0.2,6204,0,0,,0.0,0.0,0,,0.0,0.0,3.0,1.0,0,0.0,0,,0,0.0,0,
official_test,H0,12,0.99,0.2,6204,0,0,,0.0,0.0,0,,0.0,0.0,3.0,1.0,0,0.0,0,,0,0.0,0,
official_test,H0,12,1.0,0.2,6204,0,0,,0.0,0.0,0,,0.0,0.0,3.0,1.0,0,0.0,0,,0,0.0,0,
official_test,H0,123,0.0,0.1,6204,12408,5318,0.4285944551901999,1.0,0.5923597678916828,12408,0.2961798839458414,0.2619277885235332,1.0,1.0,1.0,6204,1.0,2960,0.4771115409413282,6204,1.0,2358,0.38007736943907156
official_test,H0,123,0.01,0.1,6204,12408,5267,0.4244842037395229,1.0,0.5801096067053514,12408,0.2900548033526757,0.2587040618955513,1.0,1.0,1.0,6204,1.0,2960,0.4771115409413282,6204,1.0,2307,0.3718568665377176
official_test,H0,123,0.02,0.1,6204,12408,5240,0.4223081882656351,1.0,0.5528691166989039,12408,0.27643455834945196,0.25354609929078015,1.0,1.0,1.0,6204,1.0,2960,0.4771115409413282,6204,1.0,2280,0.36750483558994196
official_test,H0,123,0.03,0.1,6204,12408,5175,0.41706963249516443,1.0,0.5191811734364926,12408,0.2595905867182463,0.24468085106382978,1.0,1.0,1.0,6204,1.0,2960,0.4771115409413282,6204,1.0,2215,0.3570277240490006
official_test,H0,123,0.04,0.1,6204,12408,5165,0.41626370083816894,1.0,0.5161186331399097,12408,0.25805931656995484,0.2438749194068343,1.0,1.0,1.0,6204,1.0,2960,0.4771115409413282,6204,1.0,2205,0.3554158607350097
official_test,H0,123,0.05,0.1,6204,12408,5165,0.41626370083816894,1.0,0.5161186331399097,12408,0.25805931656995484,0.2438749194068343,1.0,1.0,1.0,6204,1.0,2960,0.4771115409413282,6204,1.0,2205,0.3554158607350097
official_test,H0,123,0.06,0.1,6204,12408,5165,0.41626370083816894,1.0,0.5161186331399097,12408,0.25805931656995484,0.2438749194068343,1.0,1.0,1.0,6204,1.0,2960,0.4771115409413282,6204,1.0,2205,0.3554158607350097
official_test,H0,123,0.07,0.1,6204,12408,5165,0.41626370083816894,1.0,0.5161186331399097,12408,0.25805931656995484,0.2438749194068343,1.0,1.0,1.0,6204,1.0,2960,0.4771115409413282,6204,1.0,2205,0.3554158607350097
official_test,H0,123,0.08,0.1,6204,12170,4947,0.40649137222678716,0.9808188265635074,0.49500322372662797,12170,0.252341824157765,0.23291424887169568,0.9996776273372018,1.0383623468729852,1.0,5968,0.961960025789813,2744,0.4597855227882037,6202,0.9996776273372018,2203,0.35520799742018705
official_test,H0,123,0.09,0.1,6204,11139,4008,0.3598168596821977,0.8977272727272727,0.36734364925854285,11139,0.2045964628781758,0.15377176015473887,0.9840425531914894,1.2045454545454546,1.0,5034,0.811411992263056,1890,0.37544696066746125,6105,0.9840425531914894,2118,0.3469287469287469
official_test,H0,123,0.1,0.1,6204,10828,3726,0.34410786848910235,0.872662798194713,0.33236621534493876,10828,0.19043221278167713,0.13539651837524178,0.9761444229529336,1.254674403610574,1.0,4772,0.7691811734364926,1654,0.34660519698239733,6056,0.9761444229529336,2072,0.34214002642007924
official_test,H0,123,0.11,0.1,6204,10788,3688,0.3418613274008157,0.8694390715667312,0.32817537072856223,10788,0.18872821653689284,0.13281753707285623,0.9696969696969697,1.2611218568665377,1.0,4772,0.7691811734364926,1654,0.34660519698239733,6016,0.9696969696969697,2034,0.3380984042553192
official_test,H0,123,0.12,0.1,6204,10697,3607,0.33719734505001403,0.8621050934880722,0.3159252095422308,10697,0.18322894269421333,0.12491940683430044,0.9550290135396519,1.2757898130238556,1.0,4772,0.7691811734364926,1654,0.34660519698239733,5925,0.9550290135396519,1953,0.32962025316455695
official_test,H0,123,0.13,0.1,6204,10584,3505,0.3311602418745276,0.8529980657640233,0.3001289490651193,10584,0.17592592592592593,0.11315280464216634,0.9368149580915538,1.2940038684719535,1.0,4772,0.7691811734364926,1654,0.34660519698239733,5812,0.9368149580915538,1851,0.3184790089470062
official_test,H0,123,0.14,0.1,6204,10576,3497,0.33065431164901665,0.8523533204384268,0.2988394584139265,10576,0.17530257186081694,0.11234687298517086,0.935525467440361,1.2952933591231464,1.0,4772,0.7691811734364926,1654,0.34660519698239733,5804,0.935525467440361,1843,0.317539627842867
official_test,H0,123,0.15,0.1,6204,10576,3497,0.33065431164901665,0.8523533204384268,0.2988394584139265,10576,0.17530257186081694,0.11234687298517086,0.935525467440361,1.2952933591231464,1.0,4772,0.7691811734364926,1654,0.34660519698239733,5804,0.935525467440361,1843,0.317539627842867
official_test,H0,123,0.16,0.1,6204,10576,3497,0.33065431164901665,0.8523533204384268,0.2988394584139265,10576,0.17530257186081694,0.11234687298517086,0.935525467440361,1.2952933591231464,1.0,4772,0.7691811734364926,1654,0.34660519698239733,5804,0.935525467440361,1843,0.317539627842867
official_test,H0,123,0.17,0.1,6204,10576,3497,0.33065431164901665,0.8523533204384268,0.2988394584139265,10576,0.17530257186081694,0.11234687298517086,0.935525467440361,1.2952933591231464,1.0,4772,0.7691811734364926,1654,0.34660519698239733,5804,0.935525467440361,1843,0.317539627842867
official_test,H0,123,0.18,0.1,6204,10576,3497,0.33065431164901665,0.8523533204384268,0.2988394584139265,10576,0.17530257186081694,0.11234687298517086,0.935525467440361,1.2952933591231464,1.0,4772,0.7691811734364926,1654,0.34660519698239733,5804,0.935525467440361,1843,0.317539627842867
official_test,H0,123,0.19,0.1,6204,10576,3497,0.33065431164901665,0.8523533204384268,0.2988394584139265,10576,0.17530257186081694,0.11234687298517086,0.935525467440361,1.2952933591231464,1.0,4772,0.7691811734364926,1654,0.34660519698239733,5804,0.935525467440361,1843,0.317539627842867
official_test,H0,123,0.2,0.1,6204,10576,3497,0.33065431164901665,0.8523533204384268,0.2988394584139265,10576,0.17530257186081694,0.11234687298517086,0.935525467440361,1.2952933591231464,1.0,4772,0.7691811734364926,1654,0.34660519698239733,5804,0.935525467440361,1843,0.317539627842867
official_test,H0,123,0.21,0.1,6204,10576,3497,0.33065431164901665,0.8523533204384268,0.2988394584139265,10576,0.17530257186081694,0.11234687298517086,0.935525467440361,1.2952933591231464,1.0,4772,0.7691811734364926,1654,0.34660519698239733,5804,0.935525467440361,1843,0.317539627842867
official_test,H0,123,0.22,0.1,6204,10576,3497,0.33065431164901665,0.8523533204384268,0.2988394584139265,10576,0.17530257186081694,0.11234687298517086,0.935525467440361,1.2952933591231464,1.0,4772,0.7691811734364926,1654,0.34660519698239733,5804,0.935525467440361,1843,0.317539627842867
official_test,H0,123,0.23,0.1,6204,10576,3497,0.33065431164901665,0.8523533204384268,0.2988394584139265,10576,0.17530257186081694,0.11234687298517086,0.935525467440361,1.2952933591231464,1.0,4772,0.7691811734364926,1654,0.34660519698239733,5804,0.935525467440361,1843,0.317539627842867
official_test,H0,123,0.24,0.1,6204,10576,3497,0.33065431164901665,0.8523533204384268,0.2988394584139265,10576,0.17530257186081694,0.11234687298517086,0.935525467440361,1.2952933591231464,1.0,4772,0.7691811734364926,1654,0.34660519698239733,5804,0.935525467440361,1843,0.317539627842867
official_test,H0,123,0.25,0.1,6204,10576,3497,0.33065431164901665,0.8523533204384268,0.2988394584139265,10576,0.17530257186081694,0.11234687298517086,0.935525467440361,1.2952933591231464,1.0,4772,0.7691811734364926,1654,0.34660519698239733,5804,0.935525467440361,1843,0.317539627842867
official_test,H0,123,0.26,0.1,6204,10576,3497,0.33065431164901665,0.8523533204384268,0.2988394584139265,10576,0.17530257186081694,0.11234687298517086,0.935525467440361,1.2952933591231464,1.0,4772,0.7691811734364926,1654,0.34660519698239733,5804,0.935525467440361,1843,0.317539627842867
official_test,H0,123,0.27,0.1,6204,10576,3497,0.33065431164901665,0.8523533204384268,0.2988394584139265,10576,0.17530257186081694,0.11234687298517086,0.935525467440361,1.2952933591231464,1.0,4772,0.7691811734364926,1654,0.34660519698239733,5804,0.935525467440361,1843,0.317539627842867
official_test,H0,123,0.28,0.1,6204,10576,3499,0.33084341906202724,0.8523533204384268,0.2985170857511283,10576,0.17511346444780634,0.11234687298517086,0.935525467440361,1.2952933591231464,1.0,4772,0.7691811734364926,1654,0.34660519698239733,5804,0.935525467440361,1845,0.3178842177808408
official_test,H0,123,0.29,0.1,6204,10576,3502,0.33112708018154313,0.8523533204384268,0.2978723404255319,10576,0.17473524962178516,0.11234687298517086,0.935525467440361,1.2952933591231464,1.0,4772,0.7691811734364926,1654,0.34660519698239733,5804,0.935525467440361,1848,0.31840110268780153
official_test,H0,123,0.3,0.1,6204,10576,3501,0.33103252647503784,0.8523533204384268,0.29754996776273374,10576,0.1745461422087746,0.11218568665377177,0.935525467440361,1.2952933591231464,1.0,4772,0.7691811734364926,1654,0.34660519698239733,5804,0.935525467440361,1847,0.3182288077188146
official_test,H0,123,0.31,0.1,6204,10576,3497,0.33065431164901665,0.8523533204384268,0.29690522243713735,10576,0.1741679273827534,0.11202450032237267,0.935525467440361,1.2952933591231464,1.0,4772,0.7691811734364926,1654,0.34660519698239733,5804,0.935525467440361,1843,0.317539627842867
official_test,H0,123,0.32,0.1,6204,10576,3496,0.33055975794251136,0.8523533204384268,0.29690522243713735,10576,0.1741679273827534,0.11202450032237267,0.935525467440361,1.2952933591231464,1.0,4772,0.7691811734364926,1654,0.34660519698239733,5804,0.935525467440361,1842,0.3173673328738801
official_test,H0,123,0.33,0.1,6204,10576,3496,0.33055975794251136,0.8523533204384268,0.29674403610573824,10576,0.17407337367624812,0.11202450032237267,0.935525467440361,1.2952933591231464,1.0,4772,0.7691811734364926,1654,0.34660519698239733,5804,0.935525467440361,1842,0.3173673328738801
official_test,H0,123,0.34,0.1,6204,10576,3497,0.33065431164901665,0.8523533204384268,0.29642166344294,10576,0.17388426626323752,0.11202450032237267,0.935525467440361,1.2952933591231464,1.0,4772,0.7691811734364926,1654,0.34660519698239733,5804,0.935525467440361,1843,0.317539627842867
official_test,H0,123,0.35,0.1,6204,10576,3503,0.33122163388804843,0.8523533204384268,0.2956157317859445,10576,0.17341149773071105,0.11202450032237267,0.935525467440361,1.2952933591231464,1.0,4772,0.7691811734364926,1654,0.34660519698239733,5804,0.935525467440361,1849,0.31857339765678844
official_test,H0,123,0.36,0.1,6204,10576,3499,0.33084341906202724,0.8523533204384268,0.29432624113475175,10576,0.17265506807866868,0.11170212765957446,0.935525467440361,1.2952933591231464,1.0,4772,0.7691811734364926,1654,0.34660519698239733,5804,0.935525467440361,1845,0.3178842177808408
official_test,H0,123,0.37,0.1,6204,10576,3502,0.33112708018154313,0.8523533204384268,0.2935203094777563,10576,0.1721822995461422,0.11154094132817537,0.935525467440361,1.2952933591231464,1.0,4772,0.7691811734364926,1654,0.34660519698239733,5804,0.935525467440361,1848,0.31840110268780153
official_test,H0,123,0.38,0.1,6204,10571,3502,0.33128370069056856,0.8519503546099291,0.2927143778207608,10571,0.17179074827357865,0.11154094132817537,0.9347195357833655,1.2960992907801419,1.0,4772,0.7691811734364926,1654,0.34660519698239733,5799,0.9347195357833655,1848,0.31867563372995344
official_test,H0,123,0.39,0.1,6204,10569,3504,0.3315356230485382,0.85178916827853,0.29206963249516443,10569,0.17144479137099064,0.11154094132817537,0.9343971631205674,1.29642166344294,1.0,4772,0.7691811734364926,1654,0.34660519698239733,5797,0.9343971631205674,1850,0.31913058478523376
official_test,H0,123,0.4,0.1,6204,10564,3503,0.331597879591064,0.8513862024500323,0.2915860735009671,10564,0.17124195380537674,0.11154094132817537,0.9335912314635719,1.2972275950999355,1.0,4772,0.7691811734364926,1654,0.34660519698239733,5792,0.9335912314635719,1849,0.3192334254143646
official_test,H0,123,0.41,0.1,6204,10557,3491,0.33068106469640995,0.8508220502901354,0.2901353965183752,10557,0.17050298380221654,0.11121856866537717,0.9324629271437782,1.2983558994197293,1.0,4772,0.7691811734364926,1654,0.34660519698239733,5785,0.9324629271437782,1837,0.3175453759723423
official_test,H0,123,0.42,0.1,6204,10550,3487,0.330521327014218,0.8502578981302386,0.2885235332043843,10550,0.16966824644549763,0.11041263700838169,0.9313346228239845,1.299484203739523,1.0,4772,0.7691811734364926,1654,0.34660519698239733,5778,0.9313346228239845,1833,0.31723779854620976
official_test,H0,123,0.43,0.1,6204,10546,3485,0.3304570453252418,0.8499355254674403,0.2878787878787879,10546,0.16935330931158732,0.1102514506769826,0.9306898774983882,1.3001289490651193,1.0,4772,0.7691811734364926,1654,0.34660519698239733,5774,0.9306898774983882,1831,0.3171111880845168
official_test,H0,123,0.44,0.1,6204,10515,3461,0.32914883499762243,0.8474371373307543,0.2862669245647969,10515,0.1689015691868759,0.1096067053513862,0.9285944551901999,1.3051257253384914,1.0,4754,0.7662798194713089,1640,0.34497265460664706,5761,0.9285944551901999,1821,0.31609095643117513
official_test,H0,123,0.45,0.1,6204,10466,3431,0.3278234282438372,0.8434880722114765,0.2828820116054159,10466,0.16768583986241162,0.10783365570599614,0.9248871695680206,1.313023855577047,1.0,4728,0.7620889748549323,1624,0.34348561759729274,5738,0.9248871695680206,1807,0.31491808992680376
official_test,H0,123,0.46,0.1,6204,10442,3422,0.32771499712698715,0.8415538362346873,0.28110896196002577,10442,0.1670178126795633,0.10735009671179883,0.9223081882656351,1.3168923275306255,1.0,4720,0.7607994842037396,1620,0.3432203389830508,5722,0.9223081882656351,1802,0.3149248514505418
official_test,H0,123,0.47,0.1,6204,10412,3409,0.32741067998463314,0.8391360412637009,0.2796582849774339,10412,0.16663465232424127,0.10670535138620245,0.9200515796260477,1.3217279174725982,1.0,4704,0.758220502901354,1610,0.34226190476190477,5708,0.9200515796260477,1799,0.3151716888577435
official_test,H0,123,0.48,0.1,6204,10378,3391,0.3267488918866834,0.8363958736299162,0.27772404900064473,10378,0.1660242821352862,0.10589941972920697,0.9174725983236621,1.3272082527401676,1.0,4686,0.7553191489361702,1602,0.3418693982074264,5692,0.9174725983236621,1789,0.31430077301475756
official_test,H0,123,0.49,0.1,6204,10351,3371,0.3256690174862332,0.8342198581560284,0.2751450676982592,10351,0.16491160274369626,0.10460992907801418,0.9150548033526756,1.3315602836879432,1.0,4674,0.753384912959381,1592,0.3406076166024818,5677,0.9150548033526756,1779,0.31336973753743175
official_test,H0,123,0.5,0.1,6204,10314,3359,0.32567384138064764,0.8312379110251451,0.27321083172147004,10314,0.16433973240255964,0.1041263700838169,0.9113475177304965,1.3375241779497098,1.0,4660,0.7511283043197937,1586,0.340343347639485,5654,0.9113475177304965,1773,0.3135833038556774
official_test,H0,123,0.51,0.1,6204,10266,3342,0.3255406195207481,0.8273694390715667,0.269825918762089,10266,0.16306253652834599,0.10332043842682141,0.9065119277885235,1.3452611218568666,1.0,4642,0.74822695035461,1578,0.33993968117190865,5624,0.9065119277885235,1764,0.3136557610241821
official_test,H0,123,0.52,0.1,6204,10229,3322,0.3247629289275589,0.8243874919406834,0.2657962604771115,10229,0.16120832925994721,0.10203094777562863,0.9028046421663443,1.3512250161186332,1.0,4628,0.7459703417150225,1574,0.34010371650821086,5601,0.9028046421663443,1748,0.31208712729869664
official_test,H0,123,0.53,0.1,6204,10110,3274,0.323837784371909,0.8147969052224371,0.25822050290135395,10110,0.15845697329376854,0.09945196647324307,0.8955512572533849,1.3704061895551258,1.0,4554,0.7340425531914894,1542,0.3386034255599473,5556,0.8955512572533849,1732,0.3117350611951044
official_test,H0,123,0.54,0.1,6204,9956,3188,0.3202089192446766,0.8023855577047067,0.2501611863313991,9956,0.15588589795098434,0.09590586718246293,0.8852353320438426,1.3952288845905867,1.0,4464,0.7195357833655706,1496,0.33512544802867383,5492,0.8852353320438426,1692,0.3080844865258558
official_test,H0,123,0.55,0.1,6204,9798,3130,0.31945294958154724,0.789651837524178,0.2437137330754352,9798,0.1543172075933864,0.09300451321727918,0.8745970341715023,1.420696324951644,1.0,4372,0.7047066408768536,1458,0.3334858188472095,5426,0.8745970341715023,1672,0.3081459638776262
official_test,H0,123,0.56,0.1,6204,9513,3000,0.315357931251971,0.7666827852998066,0.22985170857511283,9513,0.14990013665510354,0.08687943262411348,0.8589619600257898,1.4666344294003868,1.0,4184,0.6744036105738234,1374,0.3283938814531549,5329,0.8589619600257898,1626,0.3051229123662976
official_test,H0,123,0.57,0.1,6204,9236,2873,0.31106539627544394,0.7443584784010316,0.21872985170857512,9236,0.14692507579038544,0.08204384268214056,0.8465506125080593,1.5112830431979367,1.0,3984,0.6421663442940039,1280,0.321285140562249,5252,0.8465506125080593,1593,0.3033130236100533
official_test,H0,123,0.58,0.1,6204,8995,2763,0.30717065036131186,0.7249355254674403,0.20970341715022567,8995,0.14463590883824348,0.07769181173436493,0.8325274016763379,1.5501289490651193,1.0,3830,0.6173436492585429,1216,0.3174934725848564,5165,0.8325274016763379,1547,0.2995159728944821
official_test,H0,123,0.59,0.1,6204,8750,2662,0.3042285714285714,0.7051901998710509,0.20325596389426176,8750,0.14411428571428572,0.07446808510638298,0.8185041908446163,1.5896196002578982,1.0,3672,0.5918762088974855,1146,0.31209150326797386,5078,0.8185041908446163,1516,0.2985427333595904
official_test,H0,123,0.6,0.1,6204,8472,2537,0.29945703493862136,0.6827852998065764,0.1961637653127015,8472,0.14364966949952784,0.07043842682140554,0.8023855577047067,1.6344294003868471,1.0,3494,0.5631850419084462,1068,0.3056668574699485,4978,0.8023855577047067,1469,0.2950984331056649
official_test,H0,123,0.61,0.1,6204,8100,2391,0.29518518518518516,0.6528046421663443,0.18375241779497098,8100,0.14074074074074075,0.06528046421663443,0.7769181173436492,1.6943907156673115,1.0,3280,0.5286911669890393,986,0.30060975609756097,4820,0.7769181173436492,1405,0.29149377593361
official_test,H0,123,0.62,0.1,6204,7715,2217,0.28736228127025276,0.621776273372018,0.17150225660863957,7715,0.13791315618924174,0.06060606060606061,0.745164410058027,1.756447453255964,1.0,3092,0.498388136686009,902,0.29172056921086675,4623,0.745164410058027,1315,0.2844473285745187
official_test,H0,123,0.63,0.1,6204,7327,2059,0.2810154224102634,0.5905061250805932,0.15747904577691813,7327,0.13334243210045038,0.054480980012894906,0.7155061250805932,1.8189877498388136,1.0,2888,0.4655061250805932,818,0.2832409972299169,4439,0.7155061250805932,1241,0.2795674701509349
official_test,H0,123,0.64,0.1,6204,6948,1913,0.2753310305123777,0.5599613152804642,0.14474532559638942,6948,0.12924582613701785,0.048355899419729204,0.6840747904577692,1.8800773694390716,1.0,2704,0.43584784010315925,756,0.27958579881656803,4244,0.6840747904577692,1157,0.2726201696512724
official_test,H0,123,0.65,0.1,6204,6541,1766,0.2699892982724354,0.5271598968407479,0.13104448742746616,6541,0.12429292157162514,0.044326241134751775,0.652321083172147,1.9456802063185041,1.0,2494,0.4019987105093488,686,0.27506014434643145,4047,0.652321083172147,1080,0.2668643439584878
official_test,H0,123,0.66,0.1,6204,6149,1610,0.2618311920637502,0.49556737588652483,0.11960025789813024,6149,0.12067002764677183,0.040780141843971635,0.617504835589942,2.0088652482269502,1.0,2318,0.37362991618310765,624,0.26919758412424505,3831,0.617504835589942,986,0.2573740537718611
official_test,H0,123,0.67,0.1,6204,5703,1451,0.25442749430124495,0.4596228239845261,0.10751128304319793,5703,0.116955988076451,0.03546099290780142,0.5775306254029658,2.0807543520309477,1.0,2120,0.3417150225660864,556,0.2622641509433962,3583,0.5775306254029658,895,0.2497906782026235
official_test,H0,123,0.68,0.1,6204,5239,1266,0.24164916968887193,0.4222275950999355,0.09381044487427466,5239,0.11108990265317809,0.02852998065764023,0.5378787878787878,2.155544809800129,1.0,1902,0.3065764023210832,468,0.24605678233438485,3337,0.5378787878787878,798,0.23913694935570873
official_test,H0,123,0.69,0.1,6204,4739,1100,0.23211648027009918,0.3819310122501612,0.08091553836234687,4739,0.10592952099599072,0.02385557704706641,0.49887169568020634,2.2361379754996777,1.0,1644,0.26499032882011603,384,0.23357664233576642,3095,0.49887169568020634,716,0.23134087237479806
official_test,H0,123,0.7,0.1,6204,4258,926,0.21747299201503054,0.34316569954867826,0.0668923275306254,4258,0.09746359793330202,0.018697614442295292,0.4580915538362347,2.3136686009026435,1.0,1416,0.22823984526112184,300,0.211864406779661,2842,0.4580915538362347,626,0.22026741731175228
official_test,H0,123,0.71,0.1,6204,3818,774,0.20272393923520168,0.30770470664087685,0.05609284332688588,3818,0.09114719748559455,0.014345583494519665,0.4200515796260477,2.384590586718246,1.0,1212,0.195357833655706,236,0.19471947194719472,2606,0.4200515796260477,538,0.2064466615502686
official_test,H0,123,0.72,0.1,6204,3455,683,0.19768451519536903,0.2784493874919407,0.05029013539651837,3455,0.09030390738060781,0.013217279174725984,0.38733075435203096,2.4431012250161186,1.0,1052,0.16956802063185042,202,0.1920152091254753,2403,0.38733075435203096,481,0.20016645859342488
official_test,H0,123,0.73,0.1,6204,3133,594,0.1895946377274178,0.252498388136686,0.04497098646034816,3133,0.08905202681136291,0.012572533849129593,0.3560606060606061,2.495003223726628,1.0,924,0.14893617021276595,174,0.18831168831168832,2209,0.3560606060606061,420,0.19013128112267993
official_test,H0,123,0.74,0.1,6204,2889,538,0.18622360678435446,0.23283365570599612,0.039974210186976146,2889,0.08584285219799238,0.010799484203739523,0.3276918117343649,2.5343326885880075,1.0,856,0.13797549967762734,158,0.18457943925233644,2033,0.3276918117343649,380,0.18691588785046728
official_test,H0,123,0.75,0.1,6204,2634,461,0.17501898253606682,0.2122823984526112,0.03352675693101225,2634,0.07896735003796507,0.00789813023855577,0.2981947130883301,2.5754352030947776,1.0,784,0.12637008381689233,134,0.17091836734693877,1850,0.2981947130883301,327,0.17675675675675676
official_test,H0,123,0.76,0.1,6204,2393,398,0.16631842875052236,0.19285944551901998,0.030141843971631204,2393,0.07814458838278311,0.006447453255963894,0.27192134107027727,2.61428110896196,1.0,706,0.11379754996776273,112,0.15864022662889518,1687,0.27192134107027727,286,0.16953171310017784
official_test,H0,123,0.77,0.1,6204,2132,348,0.16322701688555347,0.1718246292714378,0.024500322372662798,2132,0.07129455909943715,0.004996776273372018,0.24177949709864605,2.6563507414571244,1.0,632,0.10186976144422953,98,0.1550632911392405,1500,0.24177949709864605,250,0.16666666666666666
official_test,H0,123,0.78,0.1,6204,1880,312,0.16595744680851063,0.15151515151515152,0.02192134107027724,1880,0.07234042553191489,0.004352030947775629,0.21244358478401032,2.696969696969697,1.0,562,0.09058671824629272,88,0.15658362989323843,1318,0.21244358478401032,224,0.16995447647951442
official_test,H0,123,0.79,0.1,6204,1680,263,0.15654761904761905,0.13539651837524178,0.019987105093488073,1680,0.07380952380952381,0.004190844616376531,0.1901998710509349,2.7292069632495166,1.0,500,0.08059316569954868,68,0.136,1180,0.1901998710509349,195,0.1652542372881356
official_test,H0,123,0.8,0.1,6204,1519,216,0.1421988150098749,0.12242101869761444,0.018214055448098003,1519,0.07439104674127715,0.0035460992907801418,0.17166344294003869,2.755157962604771,1.0,454,0.0731785944551902,54,0.11894273127753303,1065,0.17166344294003869,162,0.15211267605633802
official_test,H0,123,0.81,0.1,6204,1354,185,0.13663220088626293,0.10912314635718891,0.01773049645390071,1354,0.08124076809453472,0.0033849129593810446,0.1528046421663443,2.781753707285622,1.0,406,0.06544165054803353,48,0.11822660098522167,948,0.1528046421663443,137,0.14451476793248946
official_test,H0,123,0.82,0.1,6204,1188,139,0.117003367003367,0.09574468085106383,0.01644100580270793,1188,0.08585858585858586,0.0025789813023855577,0.134107027724049,2.8085106382978724,1.0,356,0.05738233397807866,34,0.09550561797752809,832,0.134107027724049,105,0.12620192307692307
official_test,H0,123,0.83,0.1,6204,1052,107,0.10171102661596958,0.08478401031592521,0.014829142488716958,1052,0.08745247148288973,0.0024177949709864605,0.11927788523533205,2.8304319793681496,1.0,312,0.05029013539651837,26,0.08333333333333333,740,0.11927788523533205,81,0.10945945945945947
official_test,H0,123,0.84,0.1,6204,957,98,0.10240334378265413,0.07712765957446809,0.013217279174725984,957,0.08568443051201671,0.002256608639587363,0.10847840103159252,2.845744680851064,1.0,284,0.04577691811734365,24,0.08450704225352113,673,0.10847840103159252,74,0.1099554234769688
official_test,H0,123,0.85,0.1,6204,834,74,0.08872901678657075,0.0672147001934236,0.01160541586073501,834,0.08633093525179857,0.0016118633139909735,0.09348807221147647,2.865570599613153,1.0,254,0.04094132817537073,20,0.07874015748031496,580,0.09348807221147647,54,0.09310344827586207
official_test,H0,123,0.86,0.1,6204,723,60,0.08298755186721991,0.0582688588007737,0.010315925209542231,723,0.08852005532503458,0.0012894906511927789,0.079464861379755,2.883462282398453,1.0,230,0.03707285622179239,18,0.0782608695652174,493,0.079464861379755,42,0.08519269776876268
official_test,H0,123,0.87,0.1,6204,632,50,0.07911392405063292,0.050934880722114766,0.009509993552546744,632,0.09335443037974683,0.0009671179883945841,0.06898774983881367,2.8981302385557703,1.0,204,0.03288201160541586,18,0.08823529411764706,428,0.06898774983881367,32,0.07476635514018691
official_test,H0,123,0.88,0.1,6204,522,38,0.07279693486590039,0.04206963249516441,0.0070921985815602835,522,0.0842911877394636,0.0006447453255963894,0.05673758865248227,2.9158607350096712,1.0,170,0.02740167633784655,14,0.08235294117647059,352,0.05673758865248227,24,0.06818181818181818
official_test,H0,123,0.89,0.1,6204,465,30,0.06451612903225806,0.03747582205029013,0.006608639587362992,465,0.08817204301075268,0.0003223726627981947,0.0488394584139265,2.9250483558994196,1.0,162,0.02611218568665377,12,0.07407407407407407,303,0.0488394584139265,18,0.0594059405940594
official_test,H0,123,0.9,0.1,6204,378,21,0.05555555555555555,0.0304642166344294,0.004674403610573823,378,0.07671957671957672,0.0003223726627981947,0.039329464861379754,2.9390715667311413,1.0,134,0.021598968407479047,8,0.05970149253731343,244,0.039329464861379754,13,0.05327868852459016
official_test,H0,123,0.91,0.1,6204,294,21,0.07142857142857142,0.023694390715667313,0.003223726627981947,294,0.06802721088435375,0.0003223726627981947,0.030303030303030304,2.9526112185686655,1.0,106,0.01708575112830432,8,0.07547169811320754,188,0.030303030303030304,13,0.06914893617021277
official_test,H0,123,0.92,0.1,6204,222,7,0.03153153153153153,0.017891682785299807,0.0025789813023855577,222,0.07207207207207207,0.0,0.02256608639587363,2.9642166344294005,1.0,82,0.013217279174725984,2,0.024390243902439025,140,0.02256608639587363,5,0.03571428571428571
official_test,H0,123,0.93,0.1,6204,170,5,0.029411764705882353,0.013700838168923275,0.0011283043197936814,170,0.041176470588235294,0.0,0.016763378465506126,2.9725983236621536,1.0,66,0.010638297872340425,2,0.030303030303030304,104,0.016763378465506126,3,0.028846153846153848
official_test,H0,123,0.94,0.1,6204,99,0,0.0,0.007978723404255319,0.0003223726627981947,99,0.020202020202020204,0.0,0.009832366215344938,2.984042553191489,1.0,38,0.0061250805931656995,0,0.0,61,0.009832366215344938,0,0.0
official_test,H0,123,0.95,0.1,6204,63,0,0.0,0.005077369439071566,0.0,63,0.0,0.0,0.006286266924564797,2.989845261121857,1.0,24,0.0038684719535783366,0,0.0,39,0.006286266924564797,0,0.0
official_test,H0,123,0.96,0.1,6204,30,0,0.0,0.0024177949709864605,0.0,30,0.0,0.0,0.0029013539651837525,2.995164410058027,1.0,12,0.0019342359767891683,0,0.0,18,0.0029013539651837525,0,0.0
official_test,H0,123,0.97,0.1,6204,13,0,0.0,0.0010477111540941329,0.0,13,0.0,0.0,0.0011283043197936814,2.997904577691812,1.0,6,0.0009671179883945841,0,0.0,7,0.0011283043197936814,0,0.0
official_test,H0,123,0.98,0.1,6204,4,0,0.0,0.0003223726627981947,0.0,4,0.0,0.0,0.0003223726627981947,2.999355254674404,1.0,2,0.0003223726627981947,0,0.0,2,0.0003223726627981947,0,0.0
official_test,H0,123,0.99,0.1,6204,0,0,,0.0,0.0,0,,0.0,0.0,3.0,1.0,0,0.0,0,,0,0.0,0,
official_test,H0,123,1.0,0.1,6204,0,0,,0.0,0.0,0,,0.0,0.0,3.0,1.0,0,0.0,0,,0,0.0,0,
official_test,H0,1234,0.0,0.2,6204,12408,5165,0.41626370083816894,1.0,0.5161186331399097,12408,0.25805931656995484,0.2438749194068343,1.0,1.0,1.0,6204,1.0,2960,0.4771115409413282,6204,1.0,2205,0.3554158607350097
official_test,H0,1234,0.01,0.2,6204,12408,5165,0.41626370083816894,1.0,0.5161186331399097,12408,0.25805931656995484,0.2438749194068343,1.0,1.0,1.0,6204,1.0,2960,0.4771115409413282,6204,1.0,2205,0.3554158607350097
official_test,H0,1234,0.02,0.2,6204,12408,5165,0.41626370083816894,1.0,0.5161186331399097,12408,0.25805931656995484,0.2438749194068343,1.0,1.0,1.0,6204,1.0,2960,0.4771115409413282,6204,1.0,2205,0.3554158607350097
official_test,H0,1234,0.03,0.2,6204,12408,5165,0.41626370083816894,1.0,0.5161186331399097,12408,0.25805931656995484,0.2438749194068343,1.0,1.0,1.0,6204,1.0,2960,0.4771115409413282,6204,1.0,2205,0.3554158607350097
official_test,H0,1234,0.04,0.2,6204,12408,5165,0.41626370083816894,1.0,0.5161186331399097,12408,0.25805931656995484,0.2438749194068343,1.0,1.0,1.0,6204,1.0,2960,0.4771115409413282,6204,1.0,2205,0.3554158607350097
official_test,H0,1234,0.05,0.2,6204,12408,5165,0.41626370083816894,1.0,0.5161186331399097,12408,0.25805931656995484,0.2438749194068343,1.0,1.0,1.0,6204,1.0,2960,0.4771115409413282,6204,1.0,2205,0.3554158607350097
official_test,H0,1234,0.06,0.2,6204,12408,5165,0.41626370083816894,1.0,0.5161186331399097,12408,0.25805931656995484,0.2438749194068343,1.0,1.0,1.0,6204,1.0,2960,0.4771115409413282,6204,1.0,2205,0.3554158607350097
official_test,H0,1234,0.07,0.2,6204,12408,5165,0.41626370083816894,1.0,0.5161186331399097,12408,0.25805931656995484,0.2438749194068343,1.0,1.0,1.0,6204,1.0,2960,0.4771115409413282,6204,1.0,2205,0.3554158607350097
official_test,H0,1234,0.08,0.2,6204,12408,5165,0.41626370083816894,1.0,0.5161186331399097,12408,0.25805931656995484,0.2438749194068343,1.0,1.0,1.0,6204,1.0,2960,0.4771115409413282,6204,1.0,2205,0.3554158607350097
official_test,H0,1234,0.09,0.2,6204,12036,4823,0.40071452309737454,0.9700193423597679,0.47904577691811734,12036,0.24692588899966766,0.22292069632495165,1.0,1.0599613152804641,1.0,5832,0.9400386847195358,2618,0.4489026063100137,6204,1.0,2205,0.3554158607350097
official_test,H0,1234,0.1,0.2,6204,10953,3830,0.3496758878845978,0.8827369439071566,0.347678916827853,10953,0.196932347302109,0.14361702127659576,0.9869439071566731,1.2345261121856868,1.0,4830,0.7785299806576402,1702,0.3523809523809524,6123,0.9869439071566731,2128,0.34754205454842396
official_test,H0,1234,0.11,0.2,6204,10769,3672,0.34097873525861266,0.8679078014184397,0.32640232108317213,10769,0.18803974370879376,0.13201160541586074,0.9666344294003868,1.2641843971631206,1.0,4772,0.7691811734364926,1654,0.34660519698239733,5997,0.9666344294003868,2018,0.33650158412539605
official_test,H0,1234,0.12,0.2,6204,10635,3552,0.33399153737658677,0.8571083172147002,0.30705996131528046,10635,0.17912552891396333,0.11798839458413926,0.9450354609929078,1.2857833655705997,1.0,4772,0.7691811734364926,1654,0.34660519698239733,5863,0.9450354609929078,1898,0.3237250554323725
official_test,H0,1234,0.13,0.2,6204,10576,3497,0.33065431164901665,0.8523533204384268,0.2988394584139265,10576,0.17530257186081694,0.11234687298517086,0.935525467440361,1.2952933591231464,1.0,4772,0.7691811734364926,1654,0.34660519698239733,5804,0.935525467440361,1843,0.317539627842867
official_test,H0,1234,0.14,0.2,6204,10576,3497,0.33065431164901665,0.8523533204384268,0.2988394584139265,10576,0.17530257186081694,0.11234687298517086,0.935525467440361,1.2952933591231464,1.0,4772,0.7691811734364926,1654,0.34660519698239733,5804,0.935525467440361,1843,0.317539627842867
official_test,H0,1234,0.15,0.2,6204,10576,3497,0.33065431164901665,0.8523533204384268,0.2988394584139265,10576,0.17530257186081694,0.11234687298517086,0.935525467440361,1.2952933591231464,1.0,4772,0.7691811734364926,1654,0.34660519698239733,5804,0.935525467440361,1843,0.317539627842867
official_test,H0,1234,0.16,0.2,6204,10576,3497,0.33065431164901665,0.8523533204384268,0.2988394584139265,10576,0.17530257186081694,0.11234687298517086,0.935525467440361,1.2952933591231464,1.0,4772,0.7691811734364926,1654,0.34660519698239733,5804,0.935525467440361,1843,0.317539627842867
official_test,H0,1234,0.17,0.2,6204,10576,3497,0.33065431164901665,0.8523533204384268,0.2988394584139265,10576,0.17530257186081694,0.11234687298517086,0.935525467440361,1.2952933591231464,1.0,4772,0.7691811734364926,1654,0.34660519698239733,5804,0.935525467440361,1843,0.317539627842867
official_test,H0,1234,0.18,0.2,6204,10576,3497,0.33065431164901665,0.8523533204384268,0.2988394584139265,10576,0.17530257186081694,0.11234687298517086,0.935525467440361,1.2952933591231464,1.0,4772,0.7691811734364926,1654,0.34660519698239733,5804,0.935525467440361,1843,0.317539627842867
official_test,H0,1234,0.19,0.2,6204,10576,3497,0.33065431164901665,0.8523533204384268,0.2988394584139265,10576,0.17530257186081694,0.11234687298517086,0.935525467440361,1.2952933591231464,1.0,4772,0.7691811734364926,1654,0.34660519698239733,5804,0.935525467440361,1843,0.317539627842867
official_test,H0,1234,0.2,0.2,6204,10576,3500,0.33093797276853254,0.8523533204384268,0.2985170857511283,10576,0.17511346444780634,0.11234687298517086,0.935525467440361,1.2952933591231464,1.0,4772,0.7691811734364926,1654,0.34660519698239733,5804,0.935525467440361,1846,0.3180565127498277
official_test,H0,1234,0.21,0.2,6204,10576,3503,0.33122163388804843,0.8523533204384268,0.2978723404255319,10576,0.17473524962178516,0.11234687298517086,0.935525467440361,1.2952933591231464,1.0,4772,0.7691811734364926,1654,0.34660519698239733,5804,0.935525467440361,1849,0.31857339765678844
official_test,H0,1234,0.22,0.2,6204,10576,3496,0.33055975794251136,0.8523533204384268,0.29690522243713735,10576,0.1741679273827534,0.11202450032237267,0.935525467440361,1.2952933591231464,1.0,4772,0.7691811734364926,1654,0.34660519698239733,5804,0.935525467440361,1842,0.3173673328738801
official_test,H0,1234,0.23,0.2,6204,10576,3496,0.33055975794251136,0.8523533204384268,0.29690522243713735,10576,0.1741679273827534,0.11202450032237267,0.935525467440361,1.2952933591231464,1.0,4772,0.7691811734364926,1654,0.34660519698239733,5804,0.935525467440361,1842,0.3173673328738801
official_test,H0,1234,0.24,0.2,6204,10576,3501,0.33103252647503784,0.8523533204384268,0.29593810444874274,10576,0.17360060514372164,0.11202450032237267,0.935525467440361,1.2952933591231464,1.0,4772,0.7691811734364926,1654,0.34660519698239733,5804,0.935525467440361,1847,0.3182288077188146
official_test,H0,1234,0.25,0.2,6204,10576,3498,0.33074886535552195,0.8523533204384268,0.29448742746615086,10576,0.17274962178517397,0.11170212765957446,0.935525467440361,1.2952933591231464,1.0,4772,0.7691811734364926,1654,0.34660519698239733,5804,0.935525467440361,1844,0.3177119228118539
official_test,H0,1234,0.26,0.2,6204,10576,3503,0.33122163388804843,0.8523533204384268,0.2940038684719536,10576,0.17246596066565809,0.11170212765957446,0.935525467440361,1.2952933591231464,1.0,4772,0.7691811734364926,1654,0.34660519698239733,5804,0.935525467440361,1849,0.31857339765678844
official_test,H0,1234,0.27,0.2,6204,10576,3503,0.33122163388804843,0.8523533204384268,0.2933591231463572,10576,0.1720877458396369,0.11154094132817537,0.935525467440361,1.2952933591231464,1.0,4772,0.7691811734364926,1654,0.34660519698239733,5804,0.935525467440361,1849,0.31857339765678844
official_test,H0,1234,0.28,0.2,6204,10576,3504,0.3313161875945537,0.8523533204384268,0.2928755641521599,10576,0.17180408472012104,0.11154094132817537,0.935525467440361,1.2952933591231464,1.0,4772,0.7691811734364926,1654,0.34660519698239733,5804,0.935525467440361,1850,0.31874569262577535
official_test,H0,1234,0.29,0.2,6204,10576,3504,0.3313161875945537,0.8523533204384268,0.2923920051579626,10576,0.17152042360060515,0.11154094132817537,0.935525467440361,1.2952933591231464,1.0,4772,0.7691811734364926,1654,0.34660519698239733,5804,0.935525467440361,1850,0.31874569262577535
official_test,H0,1234,0.3,0.2,6204,10576,3500,0.33093797276853254,0.8523533204384268,0.2911025145067698,10576,0.1707639939485628,0.11121856866537717,0.935525467440361,1.2952933591231464,1.0,4772,0.7691811734364926,1654,0.34660519698239733,5804,0.935525467440361,1846,0.3180565127498277
official_test,H0,1234,0.31,0.2,6204,10576,3503,0.33122163388804843,0.8523533204384268,0.29061895551257255,10576,0.1704803328290469,0.11105738233397808,0.935525467440361,1.2952933591231464,1.0,4772,0.7691811734364926,1654,0.34660519698239733,5804,0.935525467440361,1849,0.31857339765678844
official_test,H0,1234,0.32,0.2,6204,10576,3502,0.33112708018154313,0.8523533204384268,0.28965183752417795,10576,0.16991301059001512,0.11105738233397808,0.935525467440361,1.2952933591231464,1.0,4772,0.7691811734364926,1654,0.34660519698239733,5804,0.935525467440361,1848,0.31840110268780153
official_test,H0,1234,0.33,0.2,6204,10576,3501,0.33103252647503784,0.8523533204384268,0.2893294648613798,10576,0.16972390317700453,0.11105738233397808,0.935525467440361,1.2952933591231464,1.0,4772,0.7691811734364926,1654,0.34660519698239733,5804,0.935525467440361,1847,0.3182288077188146
official_test,H0,1234,0.34,0.2,6204,10576,3506,0.3315052950075643,0.8523533204384268,0.28868471953578334,10576,0.16934568835098335,0.11089619600257898,0.935525467440361,1.2952933591231464,1.0,4772,0.7691811734364926,1654,0.34660519698239733,5804,0.935525467440361,1852,0.31909028256374916
official_test,H0,1234,0.35,0.2,6204,10576,3510,0.3318835098335855,0.8523533204384268,0.2883623468729852,10576,0.16915658093797276,0.11089619600257898,0.935525467440361,1.2952933591231464,1.0,4772,0.7691811734364926,1654,0.34660519698239733,5804,0.935525467440361,1856,0.31977946243969674
official_test,H0,1234,0.36,0.2,6204,10576,3513,0.3321671709531014,0.8523533204384268,0.2878787878787879,10576,0.1688729198184569,0.11089619600257898,0.935525467440361,1.2952933591231464,1.0,4772,0.7691811734364926,1654,0.34660519698239733,5804,0.935525467440361,1859,0.32029634734665746
official_test,H0,1234,0.37,0.2,6204,10576,3516,0.3324508320726172,0.8523533204384268,0.2872340425531915,10576,0.1684947049924357,0.11089619600257898,0.935525467440361,1.2952933591231464,1.0,4772,0.7691811734364926,1654,0.34660519698239733,5804,0.935525467440361,1862,0.3208132322536182
official_test,H0,1234,0.38,0.2,6204,10576,3516,0.3324508320726172,0.8523533204384268,0.286428110896196,10576,0.16802193645990923,0.11073500967117988,0.935525467440361,1.2952933591231464,1.0,4772,0.7691811734364926,1654,0.34660519698239733,5804,0.935525467440361,1862,0.3208132322536182
official_test,H0,1234,0.39,0.2,6204,10576,3516,0.3324508320726172,0.8523533204384268,0.286428110896196,10576,0.16802193645990923,0.11073500967117988,0.935525467440361,1.2952933591231464,1.0,4772,0.7691811734364926,1654,0.34660519698239733,5804,0.935525467440361,1862,0.3208132322536182
official_test,H0,1234,0.4,0.2,6204,10570,3513,0.3323557237464522,0.8518697614442295,0.28481624758220503,10570,0.16717123935666983,0.1102514506769826,0.9345583494519665,1.296260477111541,1.0,4772,0.7691811734364926,1654,0.34660519698239733,5798,0.9345583494519665,1859,0.32062780269058294
official_test,H0,1234,0.41,0.2,6204,10569,3515,0.3325764026871038,0.85178916827853,0.2828820116054159,10569,0.16605166051660517,0.1100902643455835,0.9343971631205674,1.29642166344294,1.0,4772,0.7691811734364926,1654,0.34660519698239733,5797,0.9343971631205674,1861,0.3210281179920649
official_test,H0,1234,0.42,0.2,6204,10558,3515,0.332922902064785,0.850902643455835,0.28110896196002577,10558,0.1651827997726842,0.10976789168278529,0.9326241134751773,1.29819471308833,1.0,4772,0.7691811734364926,1654,0.34660519698239733,5786,0.9326241134751773,1861,0.32163843760801936
official_test,H0,1234,0.43,0.2,6204,10550,3511,0.33279620853080566,0.8502578981302386,0.2790135396518375,10550,0.16407582938388626,0.10863958736299162,0.9313346228239845,1.299484203739523,1.0,4772,0.7691811734364926,1654,0.34660519698239733,5778,0.9313346228239845,1857,0.32139148494288683
official_test,H0,1234,0.44,0.2,6204,10542,3504,0.3323847467273762,0.8496131528046421,0.27740167633784657,10542,0.16325175488522103,0.10799484203739523,0.9300451321727917,1.3007736943907158,1.0,4772,0.7691811734364926,1654,0.34660519698239733,5770,0.9300451321727917,1850,0.32062391681109187
official_test,H0,1234,0.45,0.2,6204,10503,3483,0.33161953727506427,0.8464700193423598,0.2751450676982592,10503,0.1625249928591831,0.10735009671179883,0.9263378465506125,1.3070599613152805,1.0,4756,0.7666021921341071,1642,0.34524810765349034,5747,0.9263378465506125,1841,0.32034104750304504
official_test,H0,1234,0.46,0.2,6204,10453,3460,0.3310054529800057,0.8424403610573823,0.2712765957446808,10453,0.16100640964316465,0.10541586073500966,0.9227917472598324,1.3151192778852354,1.0,4728,0.7620889748549323,1624,0.34348561759729274,5725,0.9227917472598324,1836,0.3206986899563319
official_test,H0,1234,0.47,0.2,6204,10433,3450,0.33068149142145115,0.8408284977433914,0.26998710509348806,10433,0.160548260327806,0.10541586073500966,0.9208575112830432,1.3183430045132172,1.0,4720,0.7607994842037396,1620,0.3432203389830508,5713,0.9208575112830432,1830,0.3203220724663049
official_test,H0,1234,0.48,0.2,6204,10401,3434,0.33016056148447265,0.8382495164410058,0.2672469374597034,10401,0.15940774925487933,0.10444874274661509,0.9179561573178594,1.3235009671179885,1.0,4706,0.7585428755641521,1612,0.3425414364640884,5695,0.9179561573178594,1822,0.3199297629499561
official_test,H0,1234,0.49,0.2,6204,10360,3426,0.3306949806949807,0.8349451966473244,0.26563507414571247,10360,0.15907335907335907,0.1036428110896196,0.9145712443584784,1.3301096067053513,1.0,4686,0.7553191489361702,1602,0.3418693982074264,5674,0.9145712443584784,1824,0.3214663376806486
official_test,H0,1234,0.5,0.2,6204,10322,3407,0.3300716915326487,0.8318826563507414,0.2627337201805287,10322,0.15791513272621585,0.10235332043842682,0.9103803997421018,1.3362346872985171,1.0,4674,0.753384912959381,1592,0.3406076166024818,5648,0.9103803997421018,1815,0.3213526912181303
official_test,H0,1234,0.51,0.2,6204,10284,3401,0.3307078957604045,0.8288201160541586,0.2609606705351386,10284,0.1574290159471023,0.10203094777562863,0.9065119277885235,1.3423597678916828,1.0,4660,0.7511283043197937,1586,0.340343347639485,5624,0.9065119277885235,1815,0.322724039829303
official_test,H0,1234,0.52,0.2,6204,10177,3365,0.3306475385673578,0.8201966473243069,0.2567698259187621,10177,0.15652942910484427,0.10074145712443584,0.8986137975499677,1.3596067053513863,1.0,4602,0.741779497098646,1564,0.3398522381573229,5575,0.8986137975499677,1801,0.32304932735426006
official_test,H0,1234,0.53,0.2,6204,10110,3335,0.32987141444114737,0.8147969052224371,0.25306254029658287,10110,0.1552917903066271,0.09945196647324307,0.8923275306254029,1.3704061895551258,1.0,4574,0.7372662798194713,1550,0.3388718845649322,5536,0.8923275306254029,1785,0.3224349710982659
official_test,H0,1234,0.54,0.2,6204,9984,3283,0.3288261217948718,0.804642166344294,0.24790457769181173,9984,0.15404647435897437,0.09816247582205029,0.8820116054158608,1.390715667311412,1.0,4512,0.7272727272727273,1526,0.33820921985815605,5472,0.8820116054158608,1757,0.32108918128654973
official_test,H0,1234,0.55,0.2,6204,9866,3227,0.32708291100750053,0.7951321727917473,0.24177949709864605,9866,0.15203729981755523,0.09590586718246293,0.8729851708575113,1.4097356544165054,1.0,4450,0.7172791747259832,1490,0.3348314606741573,5416,0.8729851708575113,1737,0.32071639586410633
official_test,H0,1234,0.56,0.2,6204,9592,3099,0.3230817347789825,0.7730496453900709,0.23098001289490652,9592,0.149395329441201,0.08961960025789813,0.8584784010315926,1.4539007092198581,1.0,4266,0.6876208897485493,1414,0.33145804031879983,5326,0.8584784010315926,1685,0.31637251220428086
official_test,H0,1234,0.57,0.2,6204,9338,2983,0.3194474191475691,0.7525789813023855,0.22130883301096066,9338,0.1470336260441208,0.0849451966473243,0.8452611218568665,1.494842037395229,1.0,4094,0.6598968407479046,1336,0.32633121641426477,5244,0.8452611218568665,1647,0.31407322654462244
official_test,H0,1234,0.58,0.2,6204,9103,2870,0.315280676699989,0.7336395873629916,0.21437782076079948,9103,0.14610567944633637,0.08107672469374597,0.8322050290135397,1.5327208252740168,1.0,3940,0.6350741457124436,1268,0.3218274111675127,5163,0.8322050290135397,1602,0.3102847181871005
official_test,H0,1234,0.59,0.2,6204,8817,2732,0.30985596007712374,0.7105899419729207,0.20325596389426176,8817,0.14301916751729613,0.07640232108317214,0.8157640232108317,1.5788201160541586,1.0,3756,0.6054158607350096,1186,0.31576144834930775,5061,0.8157640232108317,1546,0.3054732266350524
official_test,H0,1234,0.6,0.2,6204,8490,2590,0.3050647820965842,0.6842359767891683,0.19310122501611862,8490,0.14110718492343935,0.07108317214700194,0.7956157317859446,1.6315280464216635,1.0,3554,0.572856221792392,1102,0.3100731570061902,4936,0.7956157317859446,1488,0.3014586709886548
official_test,H0,1234,0.61,0.2,6204,8134,2423,0.29788541922793216,0.655544809800129,0.1824629271437782,8134,0.1391689205802803,0.06673114119922631,0.769825918762089,1.688910380399742,1.0,3358,0.5412637008381689,1016,0.3025610482430018,4776,0.769825918762089,1407,0.29459798994974873
official_test,H0,1234,0.62,0.2,6204,7769,2269,0.29205817994593897,0.6261283043197937,0.172147001934236,7769,0.13746942978504312,0.06173436492585429,0.7429078014184397,1.7477433913604126,1.0,3160,0.5093488072211476,934,0.2955696202531646,4609,0.7429078014184397,1335,0.2896506834454328
official_test,H0,1234,0.63,0.2,6204,7446,2127,0.28565672844480255,0.6000967117988395,0.16215344938749193,7446,0.1351060972334139,0.05560928433268859,0.7159896840747905,1.799806576402321,1.0,3004,0.4842037395228885,872,0.29027962716378164,4442,0.7159896840747905,1255,0.2825303917154435
official_test,H0,1234,0.64,0.2,6204,7045,1967,0.27920511000709725,0.5677788523533205,0.14925854287556414,7045,0.13144073811213627,0.05125725338491296,0.6848807221147647,1.864442295293359,1.0,2796,0.4506769825918762,792,0.2832618025751073,4249,0.6848807221147647,1175,0.2765356554483408
official_test,H0,1234,0.65,0.2,6204,6652,1831,0.2752555622369212,0.5361057382333978,0.13765312701482915,6652,0.12838244137101623,0.04803352675693101,0.6550612508059317,1.9277885235332044,1.0,2588,0.41715022566086396,730,0.2820710973724884,4064,0.6550612508059317,1101,0.2709153543307087
official_test,H0,1234,0.66,0.2,6204,6218,1686,0.27114827918945,0.5011283043197937,0.12395228884590587,6218,0.12367320681891283,0.0427143778207608,0.6173436492585429,1.9977433913604126,1.0,2388,0.3849129593810445,664,0.2780569514237856,3830,0.6173436492585429,1022,0.2668407310704961
official_test,H0,1234,0.67,0.2,6204,5762,1480,0.2568552585907671,0.4643778207607995,0.1100902643455835,5762,0.11853523082263102,0.0362669245647969,0.5802707930367504,2.071244358478401,1.0,2162,0.3484848484848485,566,0.26179463459759483,3600,0.5802707930367504,914,0.2538888888888889
official_test,H0,1234,0.68,0.2,6204,5291,1305,0.24664524664524665,0.42641843971631205,0.0978401031592521,5291,0.11472311472311472,0.03239845261121857,0.5411025145067698,2.147163120567376,1.0,1934,0.31173436492585427,486,0.2512926577042399,3357,0.5411025145067698,819,0.24396782841823056
official_test,H0,1234,0.69,0.2,6204,4847,1130,0.23313389725603467,0.39063507414571247,0.08575112830431979,4847,0.10975861357540746,0.026595744680851064,0.504996776273372,2.218729851708575,1.0,1714,0.27627337201805285,400,0.23337222870478413,3133,0.504996776273372,730,0.23300351101180977
official_test,H0,1234,0.7,0.2,6204,4416,1007,0.22803442028985507,0.35589941972920697,0.07382333978078659,4416,0.10371376811594203,0.022888459058671824,0.46744036105738235,2.288201160541586,1.0,1516,0.2443584784010316,342,0.22559366754617413,2900,0.46744036105738235,665,0.2293103448275862
official_test,H0,1234,0.71,0.2,6204,3988,856,0.21464393179538616,0.3214055448098001,0.06286266924564797,3988,0.09779338014042126,0.01756931012250161,0.4277885235332044,2.3571889103804,1.0,1334,0.21502256608639586,284,0.2128935532233883,2654,0.4277885235332044,572,0.2155237377543331
official_test,H0,1234,0.72,0.2,6204,3626,730,0.20132377275234417,0.2922308188265635,0.0548033526756931,3626,0.09376723662437948,0.014184397163120567,0.39361702127659576,2.415538362346873,1.0,1184,0.19084461637653127,234,0.19763513513513514,2442,0.39361702127659576,496,0.2031122031122031
official_test,H0,1234,0.73,0.2,6204,3273,638,0.19492820042774214,0.26378143133462284,0.04642166344294004,3273,0.08799266727772685,0.011927788523533205,0.3599290780141844,2.4724371373307545,1.0,1040,0.16763378465506126,200,0.19230769230769232,2233,0.3599290780141844,438,0.1961486789072996
official_test,H0,1234,0.74,0.2,6204,2944,542,0.18410326086956522,0.23726627981947132,0.03981302385557705,2944,0.08389945652173914,0.009509993552546744,0.3262411347517731,2.5254674403610573,1.0,920,0.14829142488716957,168,0.1826086956521739,2024,0.3262411347517731,374,0.18478260869565216
official_test,H0,1234,0.75,0.2,6204,2616,461,0.17622324159021407,0.21083172147001933,0.03288201160541586,2616,0.0779816513761468,0.007414571244358479,0.28949065119277884,2.5783365570599615,1.0,820,0.13217279174725982,144,0.17560975609756097,1796,0.28949065119277884,317,0.1765033407572383
official_test,H0,1234,0.76,0.2,6204,2371,409,0.17250105440742303,0.1910863958736299,0.027724049000644745,2371,0.07254323070434415,0.006608639587362992,0.261605415860735,2.61782720825274,1.0,748,0.12056737588652482,128,0.1711229946524064,1623,0.261605415860735,281,0.17313616759088107
official_test,H0,1234,0.77,0.2,6204,2176,374,0.171875,0.17537072856221791,0.024177949709864602,2176,0.06893382352941177,0.004835589941972921,0.2385557704706641,2.649258542875564,1.0,696,0.11218568665377177,118,0.16954022988505746,1480,0.2385557704706641,256,0.17297297297297298
official_test,H0,1234,0.78,0.2,6204,1979,330,0.1667508842849924,0.15949387491940684,0.022404900064474532,1979,0.07023749368367863,0.004835589941972921,0.21808510638297873,2.6810122501611864,1.0,626,0.10090264345583494,98,0.15654952076677317,1353,0.21808510638297873,232,0.1714708056171471
official_test,H0,1234,0.79,0.2,6204,1767,270,0.15280135823429541,0.14240812379110251,0.020309477756286266,1767,0.07130730050933787,0.004352030947775629,0.1958413926499033,2.715183752417795,1.0,552,0.08897485493230174,76,0.13768115942028986,1215,0.1958413926499033,194,0.15967078189300413
official_test,H0,1234,0.8,0.2,6204,1589,215,0.13530522341095028,0.12806254029658284,0.018536428110896196,1589,0.0723725613593455,0.0037072856221792394,0.17585428755641522,2.743874919406834,1.0,498,0.08027079303675048,60,0.12048192771084337,1091,0.17585428755641522,155,0.14207149404216315
official_test,H0,1234,0.81,0.2,6204,1412,188,0.13314447592067988,0.11379754996776273,0.017408123791102514,1412,0.0764872521246459,0.003223726627981947,0.15602836879432624,2.7724049000644744,1.0,444,0.07156673114119923,54,0.12162162162162163,968,0.15602836879432624,134,0.1384297520661157
official_test,H0,1234,0.82,0.2,6204,1211,147,0.12138728323699421,0.09759832366215344,0.014990328820116054,1211,0.07679603633360858,0.0024177949709864605,0.1349129593810445,2.8048033526756933,1.0,374,0.06028368794326241,38,0.10160427807486631,837,0.1349129593810445,109,0.13022700119474312
official_test,H0,1234,0.83,0.2,6204,1075,124,0.11534883720930232,0.08663765312701482,0.012894906511927788,1075,0.07441860465116279,0.002256608639587363,0.12040618955512572,2.8267246937459705,1.0,328,0.052869116698903935,32,0.0975609756097561,747,0.12040618955512572,92,0.12315930388219545
official_test,H0,1234,0.84,0.2,6204,944,96,0.1016949152542373,0.07607994842037395,0.011283043197936816,944,0.07415254237288135,0.0016118633139909735,0.10444874274661509,2.847840103159252,1.0,296,0.04771115409413282,26,0.08783783783783784,648,0.10444874274661509,70,0.10802469135802469
official_test,H0,1234,0.85,0.2,6204,820,73,0.08902439024390243,0.06608639587362991,0.009671179883945842,820,0.07317073170731707,0.0009671179883945841,0.08961960025789813,2.86782720825274,1.0,264,0.0425531914893617,22,0.08333333333333333,556,0.08961960025789813,51,0.09172661870503597
official_test,H0,1234,0.86,0.2,6204,704,64,0.09090909090909091,0.05673758865248227,0.008059316569954868,704,0.07102272727272728,0.0006447453255963894,0.07736943907156674,2.8865248226950353,1.0,224,0.036105738233397806,20,0.08928571428571429,480,0.07736943907156674,44,0.09166666666666666
official_test,H0,1234,0.87,0.2,6204,590,50,0.0847457627118644,0.04754996776273372,0.006769825918762089,590,0.0711864406779661,0.0003223726627981947,0.06382978723404255,2.9049000644745324,1.0,194,0.03127014829142489,18,0.09278350515463918,396,0.06382978723404255,32,0.08080808080808081
official_test,H0,1234,0.88,0.2,6204,457,27,0.05908096280087528,0.03683107672469375,0.004835589941972921,457,0.06564551422319474,0.0003223726627981947,0.04948420373952289,2.9263378465506125,1.0,150,0.024177949709864602,10,0.06666666666666667,307,0.04948420373952289,17,0.05537459283387622
official_test,H0,1234,0.89,0.2,6204,348,22,0.06321839080459771,0.02804642166344294,0.003223726627981947,348,0.05747126436781609,0.0003223726627981947,0.038039974210186976,2.9439071566731143,1.0,112,0.018052869116698903,8,0.07142857142857142,236,0.038039974210186976,14,0.059322033898305086
official_test,H0,1234,0.9,0.2,6204,274,14,0.051094890510948905,0.02208252740167634,0.0020954223081882657,274,0.04744525547445255,0.0,0.029980657640232108,2.9558349451966475,1.0,88,0.014184397163120567,4,0.045454545454545456,186,0.029980657640232108,10,0.053763440860215055
official_test,H0,1234,0.91,0.2,6204,197,9,0.04568527918781726,0.01587685364281109,0.0011283043197936814,197,0.03553299492385787,0.0,0.021115409413281754,2.968246292714378,1.0,66,0.010638297872340425,2,0.030303030303030304,131,0.021115409413281754,7,0.05343511450381679
official_test,H0,1234,0.92,0.2,6204,124,2,0.016129032258064516,0.009993552546744036,0.00048355899419729207,124,0.024193548387096774,0.0,0.013217279174725984,2.980012894906512,1.0,42,0.006769825918762089,0,0.0,82,0.013217279174725984,2,0.024390243902439025
official_test,H0,1234,0.93,0.2,6204,89,2,0.02247191011235955,0.0071727917472598325,0.0,89,0.0,0.0,0.009509993552546744,2.98565441650548,1.0,30,0.004835589941972921,0,0.0,59,0.009509993552546744,2,0.03389830508474576
official_test,H0,1234,0.94,0.2,6204,54,0,0.0,0.004352030947775629,0.0,54,0.0,0.0,0.0061250805931656995,2.991295938104449,1.0,16,0.0025789813023855577,0,0.0,38,0.0061250805931656995,0,0.0
official_test,H0,1234,0.95,0.2,6204,23,0,0.0,0.0018536428110896197,0.0,23,0.0,0.0,0.002740167633784655,2.996292714377821,1.0,6,0.0009671179883945841,0,0.0,17,0.002740167633784655,0,0.0
official_test,H0,1234,0.96,0.2,6204,8,0,0.0,0.0006447453255963894,0.0,8,0.0,0.0,0.0006447453255963894,2.998710509348807,1.0,4,0.0006447453255963894,0,0.0,4,0.0006447453255963894,0,0.0
official_test,H0,1234,0.97,0.2,6204,0,0,,0.0,0.0,0,,0.0,0.0,3.0,1.0,0,0.0,0,,0,0.0,0,
official_test,H0,1234,0.98,0.2,6204,0,0,,0.0,0.0,0,,0.0,0.0,3.0,1.0,0,0.0,0,,0,0.0,0,
official_test,H0,1234,0.99,0.2,6204,0,0,,0.0,0.0,0,,0.0,0.0,3.0,1.0,0,0.0,0,,0,0.0,0,
official_test,H0,1234,1.0,0.2,6204,0,0,,0.0,0.0,0,,0.0,0.0,3.0,1.0,0,0.0,0,,0,0.0,0,
official_test,H0,12345,0.0,0.1,6204,12408,5361,0.43205996131528046,1.0,0.6091231463571889,12408,0.30456157317859445,0.26466795615731786,1.0,1.0,1.0,6204,1.0,2960,0.4771115409413282,6204,1.0,2401,0.38700838168923274
official_test,H0,12345,0.01,0.1,6204,12408,5322,0.42891682785299806,1.0,0.5920373952288845,12408,0.29601869761444227,0.2617666021921341,1.0,1.0,1.0,6204,1.0,2960,0.4771115409413282,6204,1.0,2362,0.38072211476466794
official_test,H0,12345,0.02,0.1,6204,12408,5265,0.4243230174081238,1.0,0.5793036750483559,12408,0.28965183752417795,0.2585428755641522,1.0,1.0,1.0,6204,1.0,2960,0.4771115409413282,6204,1.0,2305,0.3715344938749194
official_test,H0,12345,0.03,0.1,6204,12408,5261,0.4240006447453256,1.0,0.5778529980657641,12408,0.28892649903288203,0.25838168923275306,1.0,1.0,1.0,6204,1.0,2960,0.4771115409413282,6204,1.0,2301,0.370889748549323
official_test,H0,12345,0.04,0.1,6204,12408,5227,0.42126047711154097,1.0,0.5440038684719536,12408,0.2720019342359768,0.25128949065119277,1.0,1.0,1.0,6204,1.0,2960,0.4771115409413282,6204,1.0,2267,0.3654094132817537
official_test,H0,12345,0.05,0.1,6204,12408,5165,0.41626370083816894,1.0,0.5161186331399097,12408,0.25805931656995484,0.2438749194068343,1.0,1.0,1.0,6204,1.0,2960,0.4771115409413282,6204,1.0,2205,0.3554158607350097
official_test,H0,12345,0.06,0.1,6204,12408,5165,0.41626370083816894,1.0,0.5161186331399097,12408,0.25805931656995484,0.2438749194068343,1.0,1.0,1.0,6204,1.0,2960,0.4771115409413282,6204,1.0,2205,0.3554158607350097
official_test,H0,12345,0.07,0.1,6204,12408,5165,0.41626370083816894,1.0,0.5161186331399097,12408,0.25805931656995484,0.2438749194068343,1.0,1.0,1.0,6204,1.0,2960,0.4771115409413282,6204,1.0,2205,0.3554158607350097
official_test,H0,12345,0.08,0.1,6204,12408,5165,0.41626370083816894,1.0,0.5161186331399097,12408,0.25805931656995484,0.2438749194068343,1.0,1.0,1.0,6204,1.0,2960,0.4771115409413282,6204,1.0,2205,0.3554158607350097
official_test,H0,12345,0.09,0.1,6204,12228,4999,0.4088158325155381,0.9854932301740812,0.5006447453255964,12228,0.2540071965979719,0.23613797549967763,1.0,1.0290135396518376,1.0,6024,0.9709864603481625,2794,0.4638114209827357,6204,1.0,2205,0.3554158607350097
official_test,H0,12345,0.1,0.1,6204,11709,4528,0.3867110769493552,0.9436653771760155,0.437137330754352,11709,0.23161670509864207,0.19600257898130238,0.9895228884590587,1.112669245647969,1.0,5570,0.8978078658929722,2382,0.42764811490125676,6139,0.9895228884590587,2146,0.34956833360482165
official_test,H0,12345,0.11,0.1,6204,10967,3853,0.351326707394912,0.8838652482269503,0.3471953578336557,10967,0.19640740403027263,0.14200515796260477,0.9766279819471309,1.2322695035460993,1.0,4908,0.7911025145067698,1778,0.3622656886715566,6059,0.9766279819471309,2075,0.3424657534246575
official_test,H0,12345,0.12,0.1,6204,10787,3687,0.3418003151942153,0.8693584784010316,0.3280141843971631,10787,0.1886530082506721,0.13265635074145712,0.9695357833655706,1.2612830431979367,1.0,4772,0.7691811734364926,1654,0.34660519698239733,6015,0.9695357833655706,2033,0.33798836242726515
official_test,H0,12345,0.13,0.1,6204,10778,3678,0.341250695861941,0.8686331399097357,0.3272082527401676,10778,0.1883466320282056,0.13217279174725982,0.9680851063829787,1.2627337201805287,1.0,4772,0.7691811734364926,1654,0.34660519698239733,6006,0.9680851063829787,2024,0.336996336996337
official_test,H0,12345,0.14,0.1,6204,10667,3579,0.3355207649760945,0.8596872985170857,0.31173436492585427,10667,0.18130683416143245,0.12137330754352031,0.9501934235976789,1.2806254029658286,1.0,4772,0.7691811734364926,1654,0.34660519698239733,5895,0.9501934235976789,1925,0.3265479219677693
official_test,H0,12345,0.15,0.1,6204,10576,3497,0.33065431164901665,0.8523533204384268,0.2988394584139265,10576,0.17530257186081694,0.11234687298517086,0.935525467440361,1.2952933591231464,1.0,4772,0.7691811734364926,1654,0.34660519698239733,5804,0.935525467440361,1843,0.317539627842867
official_test,H0,12345,0.16,0.1,6204,10576,3497,0.33065431164901665,0.8523533204384268,0.2988394584139265,10576,0.17530257186081694,0.11234687298517086,0.935525467440361,1.2952933591231464,1.0,4772,0.7691811734364926,1654,0.34660519698239733,5804,0.935525467440361,1843,0.317539627842867
official_test,H0,12345,0.17,0.1,6204,10576,3497,0.33065431164901665,0.8523533204384268,0.2988394584139265,10576,0.17530257186081694,0.11234687298517086,0.935525467440361,1.2952933591231464,1.0,4772,0.7691811734364926,1654,0.34660519698239733,5804,0.935525467440361,1843,0.317539627842867
official_test,H0,12345,0.18,0.1,6204,10576,3497,0.33065431164901665,0.8523533204384268,0.2988394584139265,10576,0.17530257186081694,0.11234687298517086,0.935525467440361,1.2952933591231464,1.0,4772,0.7691811734364926,1654,0.34660519698239733,5804,0.935525467440361,1843,0.317539627842867
official_test,H0,12345,0.19,0.1,6204,10576,3497,0.33065431164901665,0.8523533204384268,0.2988394584139265,10576,0.17530257186081694,0.11234687298517086,0.935525467440361,1.2952933591231464,1.0,4772,0.7691811734364926,1654,0.34660519698239733,5804,0.935525467440361,1843,0.317539627842867
official_test,H0,12345,0.2,0.1,6204,10576,3497,0.33065431164901665,0.8523533204384268,0.2988394584139265,10576,0.17530257186081694,0.11234687298517086,0.935525467440361,1.2952933591231464,1.0,4772,0.7691811734364926,1654,0.34660519698239733,5804,0.935525467440361,1843,0.317539627842867
official_test,H0,12345,0.21,0.1,6204,10576,3497,0.33065431164901665,0.8523533204384268,0.2988394584139265,10576,0.17530257186081694,0.11234687298517086,0.935525467440361,1.2952933591231464,1.0,4772,0.7691811734364926,1654,0.34660519698239733,5804,0.935525467440361,1843,0.317539627842867
official_test,H0,12345,0.22,0.1,6204,10576,3497,0.33065431164901665,0.8523533204384268,0.2988394584139265,10576,0.17530257186081694,0.11234687298517086,0.935525467440361,1.2952933591231464,1.0,4772,0.7691811734364926,1654,0.34660519698239733,5804,0.935525467440361,1843,0.317539627842867
official_test,H0,12345,0.23,0.1,6204,10576,3497,0.33065431164901665,0.8523533204384268,0.2988394584139265,10576,0.17530257186081694,0.11234687298517086,0.935525467440361,1.2952933591231464,1.0,4772,0.7691811734364926,1654,0.34660519698239733,5804,0.935525467440361,1843,0.317539627842867
official_test,H0,12345,0.24,0.1,6204,10576,3497,0.33065431164901665,0.8523533204384268,0.2988394584139265,10576,0.17530257186081694,0.11234687298517086,0.935525467440361,1.2952933591231464,1.0,4772,0.7691811734364926,1654,0.34660519698239733,5804,0.935525467440361,1843,0.317539627842867
official_test,H0,12345,0.25,0.1,6204,10576,3497,0.33065431164901665,0.8523533204384268,0.2988394584139265,10576,0.17530257186081694,0.11234687298517086,0.935525467440361,1.2952933591231464,1.0,4772,0.7691811734364926,1654,0.34660519698239733,5804,0.935525467440361,1843,0.317539627842867
official_test,H0,12345,0.26,0.1,6204,10576,3497,0.33065431164901665,0.8523533204384268,0.2988394584139265,10576,0.17530257186081694,0.11234687298517086,0.935525467440361,1.2952933591231464,1.0,4772,0.7691811734364926,1654,0.34660519698239733,5804,0.935525467440361,1843,0.317539627842867
official_test,H0,12345,0.27,0.1,6204,10576,3497,0.33065431164901665,0.8523533204384268,0.2988394584139265,10576,0.17530257186081694,0.11234687298517086,0.935525467440361,1.2952933591231464,1.0,4772,0.7691811734364926,1654,0.34660519698239733,5804,0.935525467440361,1843,0.317539627842867
official_test,H0,12345,0.28,0.1,6204,10576,3497,0.33065431164901665,0.8523533204384268,0.2988394584139265,10576,0.17530257186081694,0.11234687298517086,0.935525467440361,1.2952933591231464,1.0,4772,0.7691811734364926,1654,0.34660519698239733,5804,0.935525467440361,1843,0.317539627842867
official_test,H0,12345,0.29,0.1,6204,10576,3497,0.33065431164901665,0.8523533204384268,0.2988394584139265,10576,0.17530257186081694,0.11234687298517086,0.935525467440361,1.2952933591231464,1.0,4772,0.7691811734364926,1654,0.34660519698239733,5804,0.935525467440361,1843,0.317539627842867
official_test,H0,12345,0.3,0.1,6204,10576,3497,0.33065431164901665,0.8523533204384268,0.2988394584139265,10576,0.17530257186081694,0.11234687298517086,0.935525467440361,1.2952933591231464,1.0,4772,0.7691811734364926,1654,0.34660519698239733,5804,0.935525467440361,1843,0.317539627842867
official_test,H0,12345,0.31,0.1,6204,10576,3499,0.33084341906202724,0.8523533204384268,0.2985170857511283,10576,0.17511346444780634,0.11234687298517086,0.935525467440361,1.2952933591231464,1.0,4772,0.7691811734364926,1654,0.34660519698239733,5804,0.935525467440361,1845,0.3178842177808408
official_test,H0,12345,0.32,0.1,6204,10576,3502,0.33112708018154313,0.8523533204384268,0.2978723404255319,10576,0.17473524962178516,0.11234687298517086,0.935525467440361,1.2952933591231464,1.0,4772,0.7691811734364926,1654,0.34660519698239733,5804,0.935525467440361,1848,0.31840110268780153
official_test,H0,12345,0.33,0.1,6204,10576,3501,0.33103252647503784,0.8523533204384268,0.29754996776273374,10576,0.1745461422087746,0.11218568665377177,0.935525467440361,1.2952933591231464,1.0,4772,0.7691811734364926,1654,0.34660519698239733,5804,0.935525467440361,1847,0.3182288077188146
official_test,H0,12345,0.34,0.1,6204,10576,3496,0.33055975794251136,0.8523533204384268,0.29690522243713735,10576,0.1741679273827534,0.11202450032237267,0.935525467440361,1.2952933591231464,1.0,4772,0.7691811734364926,1654,0.34660519698239733,5804,0.935525467440361,1842,0.3173673328738801
official_test,H0,12345,0.35,0.1,6204,10576,3500,0.33093797276853254,0.8523533204384268,0.29593810444874274,10576,0.17360060514372164,0.11202450032237267,0.935525467440361,1.2952933591231464,1.0,4772,0.7691811734364926,1654,0.34660519698239733,5804,0.935525467440361,1846,0.3180565127498277
official_test,H0,12345,0.36,0.1,6204,10576,3497,0.33065431164901665,0.8523533204384268,0.29432624113475175,10576,0.17265506807866868,0.11170212765957446,0.935525467440361,1.2952933591231464,1.0,4772,0.7691811734364926,1654,0.34660519698239733,5804,0.935525467440361,1843,0.317539627842867
official_test,H0,12345,0.37,0.1,6204,10576,3501,0.33103252647503784,0.8523533204384268,0.2933591231463572,10576,0.1720877458396369,0.11170212765957446,0.935525467440361,1.2952933591231464,1.0,4772,0.7691811734364926,1654,0.34660519698239733,5804,0.935525467440361,1847,0.3182288077188146
official_test,H0,12345,0.38,0.1,6204,10576,3498,0.33074886535552195,0.8523533204384268,0.2922308188265635,10576,0.17142586989409986,0.11154094132817537,0.935525467440361,1.2952933591231464,1.0,4772,0.7691811734364926,1654,0.34660519698239733,5804,0.935525467440361,1844,0.3177119228118539
official_test,H0,12345,0.39,0.1,6204,10576,3501,0.33103252647503784,0.8523533204384268,0.2909413281753707,10576,0.1706694402420575,0.11121856866537717,0.935525467440361,1.2952933591231464,1.0,4772,0.7691811734364926,1654,0.34660519698239733,5804,0.935525467440361,1847,0.3182288077188146
official_test,H0,12345,0.4,0.1,6204,10576,3501,0.33103252647503784,0.8523533204384268,0.29061895551257255,10576,0.1704803328290469,0.11121856866537717,0.935525467440361,1.2952933591231464,1.0,4772,0.7691811734364926,1654,0.34660519698239733,5804,0.935525467440361,1847,0.3182288077188146
official_test,H0,12345,0.41,0.1,6204,10571,3494,0.33052691325324,0.8519503546099291,0.28949065119277884,10571,0.1698987796802573,0.11121856866537717,0.9347195357833655,1.2960992907801419,1.0,4772,0.7691811734364926,1654,0.34660519698239733,5799,0.9347195357833655,1840,0.3172960855319883
official_test,H0,12345,0.42,0.1,6204,10569,3494,0.33058945974075127,0.85178916827853,0.28868471953578334,10569,0.1694578484246381,0.11105738233397808,0.9343971631205674,1.29642166344294,1.0,4772,0.7691811734364926,1654,0.34660519698239733,5797,0.9343971631205674,1840,0.31740555459720543
official_test,H0,12345,0.43,0.1,6204,10564,3494,0.3307459295721318,0.8513862024500323,0.28820116054158607,10564,0.16925407042786822,0.11089619600257898,0.9335912314635719,1.2972275950999355,1.0,4772,0.7691811734364926,1654,0.34660519698239733,5792,0.9335912314635719,1840,0.31767955801104975
official_test,H0,12345,0.44,0.1,6204,10554,3486,0.33030130756111425,0.8505802707930368,0.2872340425531915,10554,0.16884593519044913,0.11057382333978079,0.9319793681495809,1.2988394584139265,1.0,4772,0.7691811734364926,1654,0.34660519698239733,5782,0.9319793681495809,1832,0.31684538222068487
official_test,H0,12345,0.45,0.1,6204,10525,3471,0.32978622327790974,0.8482430689877498,0.28513862024500325,10525,0.16807600950118765,0.10976789168278529,0.9292392005157962,1.3035138620245004,1.0,4760,0.7672469374597034,1646,0.3457983193277311,5765,0.9292392005157962,1825,0.3165654813529922
official_test,H0,12345,0.46,0.1,6204,10470,3431,0.3276981852913085,0.8438104448742747,0.2815925209542231,10470,0.16685768863419292,0.10735009671179883,0.9242424242424242,1.3123791102514506,1.0,4736,0.7633784655061251,1626,0.3433277027027027,5734,0.9242424242424242,1805,0.31478897802581096
official_test,H0,12345,0.47,0.1,6204,10427,3419,0.3278987244653304,0.840344938749194,0.27869116698903934,10427,0.1658195070490074,0.10686653771760155,0.9195680206318504,1.319310122501612,1.0,4722,0.7611218568665378,1620,0.34307496823379924,5705,0.9195680206318504,1799,0.31533742331288345
official_test,H0,12345,0.48,0.1,6204,10400,3398,0.3267307692307692,0.8381689232753062,0.2765957446808511,10400,0.165,0.10589941972920697,0.9161831076724694,1.3236621534493875,1.0,4716,0.7601547388781431,1618,0.3430873621713316,5684,0.9161831076724694,1780,0.3131597466572836
official_test,H0,12345,0.49,0.1,6204,10345,3375,0.3262445625906235,0.8337362991618311,0.27176015473887816,10345,0.16297728371193815,0.10460992907801418,0.9115087040618955,1.3325274016763378,1.0,4690,0.7559638942617666,1604,0.3420042643923241,5655,0.9115087040618955,1771,0.3131741821396994
official_test,H0,12345,0.5,0.1,6204,10314,3366,0.3263525305410122,0.8312379110251451,0.2678916827852998,10314,0.16114019778941244,0.1029980657640232,0.9078014184397163,1.3375241779497098,1.0,4682,0.7546744036105738,1598,0.3413071337035455,5632,0.9078014184397163,1768,0.31392045454545453
official_test,H0,12345,0.51,0.1,6204,10271,3336,0.32479797488073214,0.8277724049000644,0.26450676982591875,10271,0.1597702268523026,0.10154738878143134,0.9031270148291425,1.3444551901998711,1.0,4668,0.7524177949709865,1588,0.3401885175664096,5603,0.9031270148291425,1748,0.31197572728895234
official_test,H0,12345,0.52,0.1,6204,10189,3304,0.3242712729414074,0.8211637653127015,0.26063829787234044,10189,0.15870055942683287,0.10090264345583494,0.8966795615731786,1.357672469374597,1.0,4626,0.7456479690522244,1574,0.34025075659316906,5563,0.8966795615731786,1730,0.3109832824015819
official_test,H0,12345,0.53,0.1,6204,10114,3268,0.3231164722167293,0.8151192778852353,0.256608639587363,10114,0.15740557642871267,0.10025789813023855,0.8900709219858156,1.3697614442295294,1.0,4592,0.7401676337846551,1556,0.33885017421602787,5522,0.8900709219858156,1712,0.31003259688518653
official_test,H0,12345,0.54,0.1,6204,10022,3242,0.3234883256834963,0.8077047066408769,0.25354609929078015,10022,0.15695469966074635,0.09912959381044488,0.8826563507414571,1.3845905867182462,1.0,4546,0.7327530625402966,1540,0.33875934887813464,5476,0.8826563507414571,1702,0.3108108108108108
official_test,H0,12345,0.55,0.1,6204,9908,3189,0.3218611223253936,0.7985170857511283,0.24838813668600904,9908,0.1555308841340331,0.09719535783365571,0.8749194068343005,1.4029658284977433,1.0,4480,0.7221147646679562,1506,0.3361607142857143,5428,0.8749194068343005,1683,0.31005895357406044
official_test,H0,12345,0.56,0.1,6204,9662,3064,0.3171186089836473,0.7786911669890393,0.23678272082527402,9662,0.15203891533843925,0.09058671824629272,0.8617021276595744,1.4426176660219214,1.0,4316,0.6956802063185042,1428,0.33086190917516217,5346,0.8617021276595744,1636,0.3060231949120838
official_test,H0,12345,0.57,0.1,6204,9418,2962,0.31450414100658314,0.7590264345583495,0.22695035460992907,9418,0.1495009556169038,0.0854287556415216,0.8484848484848485,1.481947130883301,1.0,4154,0.6695680206318504,1356,0.32643235435724605,5264,0.8484848484848485,1606,0.30509118541033436
official_test,H0,12345,0.58,0.1,6204,9177,2871,0.31284733573063095,0.7396034816247582,0.2188910380399742,9177,0.14797864225781845,0.08220502901353965,0.8325274016763379,1.5207930367504836,1.0,4012,0.6466795615731786,1298,0.3235294117647059,5165,0.8325274016763379,1573,0.30454985479186836
official_test,H0,12345,0.59,0.1,6204,8876,2758,0.3107255520504732,0.715344938749194,0.20776918117343648,8876,0.14522307345651195,0.07769181173436493,0.8081882656350742,1.569310122501612,1.0,3862,0.622501611863314,1240,0.32107716209218023,5014,0.8081882656350742,1518,0.30275229357798167
official_test,H0,12345,0.6,0.1,6204,8520,2585,0.3034037558685446,0.6866537717601547,0.19374597034171503,8520,0.14107981220657276,0.06995486782720825,0.783043197936815,1.6266924564796905,1.0,3662,0.5902643455834945,1140,0.3113052976515565,4858,0.783043197936815,1445,0.29744750926307123
official_test,H0,12345,0.61,0.1,6204,8098,2394,0.2956285502593233,0.6526434558349452,0.17907801418439717,8098,0.13719436897999507,0.06366860090264345,0.7511283043197937,1.6947130883301096,1.0,3438,0.5541586073500967,1044,0.3036649214659686,4660,0.7511283043197937,1350,0.28969957081545067
official_test,H0,12345,0.62,0.1,6204,7768,2274,0.2927394438722966,0.6260477111540941,0.16972920696324953,7768,0.13555612770339856,0.06028368794326241,0.7269503546099291,1.7479045776918118,1.0,3258,0.5251450676982592,986,0.30263965623081646,4510,0.7269503546099291,1288,0.28558758314855875
official_test,H0,12345,0.63,0.1,6204,7387,2114,0.286178421551374,0.595341715022566,0.15715667311411993,7387,0.13198862867199135,0.054642166344294,0.6968085106382979,1.809316569954868,1.0,3064,0.4938749194068343,906,0.29569190600522194,4323,0.6968085106382979,1208,0.2794355771455008
official_test,H0,12345,0.64,0.1,6204,6981,1957,0.28033233061166024,0.5626208897485493,0.14490651192778853,6981,0.12877811201833547,0.04996776273372018,0.662314635718891,1.8747582205029014,1.0,2872,0.4629271437782076,824,0.28690807799442897,4109,0.662314635718891,1133,0.2757361888537357
official_test,H0,12345,0.65,0.1,6204,6535,1779,0.2722264728385616,0.5266763378465507,0.12959381044487428,6535,0.12302983932670238,0.04384268214055448,0.6249194068343005,1.9466473243068987,1.0,2658,0.4284332688588008,740,0.27840481565086533,3877,0.6249194068343005,1039,0.267990714469951
official_test,H0,12345,0.66,0.1,6204,6127,1641,0.26783091235514933,0.49379432624113473,0.11750483558994197,6127,0.11898155704259833,0.03981302385557705,0.5920373952288845,2.0124113475177303,1.0,2454,0.3955512572533849,680,0.27709861450692747,3673,0.5920373952288845,961,0.2616389872039205
official_test,H0,12345,0.67,0.1,6204,5636,1452,0.2576295244854507,0.45422308188265637,0.10348162475822051,5636,0.11391057487579843,0.033849129593810444,0.5509348807221147,2.0915538362346875,1.0,2218,0.35751128304319796,596,0.26871055004508565,3418,0.5509348807221147,856,0.25043885313048564
official_test,H0,12345,0.68,0.1,6204,5178,1282,0.24758594051757435,0.41731141199226307,0.09042553191489362,5178,0.10834298957126304,0.02852998065764023,0.5112830431979368,2.165377176015474,1.0,2006,0.3233397807865893,516,0.2572283150548355,3172,0.5112830431979368,766,0.24148802017654478
official_test,H0,12345,0.69,0.1,6204,4658,1093,0.23465006440532418,0.37540296582849775,0.07656350741457124,4658,0.10197509660798626,0.023372018052869117,0.4700193423597679,2.2491940683430047,1.0,1742,0.2807865892972276,420,0.24110218140068887,2916,0.4700193423597679,673,0.23079561042524005
official_test,H0,12345,0.7,0.1,6204,4228,955,0.2258751182592242,0.34074790457769183,0.06640876853642812,4228,0.09744560075685904,0.019664732430689877,0.4339136041263701,2.3185041908446165,1.0,1536,0.24758220502901354,356,0.23177083333333334,2692,0.4339136041263701,599,0.2225111441307578
official_test,H0,12345,0.71,0.1,6204,3810,784,0.2057742782152231,0.30705996131528046,0.05415860735009671,3810,0.08818897637795275,0.013862024500322373,0.39813023855577045,2.385880077369439,1.0,1340,0.21598968407479047,276,0.20597014925373133,2470,0.39813023855577045,508,0.20566801619433198
official_test,H0,12345,0.72,0.1,6204,3416,668,0.1955503512880562,0.2753062540296583,0.046260477111540944,3416,0.08401639344262295,0.011766602192134107,0.36299161831076726,2.4493874919406835,1.0,1164,0.18762088974854932,232,0.19931271477663232,2252,0.36299161831076726,436,0.1936056838365897
official_test,H0,12345,0.73,0.1,6204,3040,574,0.18881578947368421,0.24500322372662797,0.04094132817537073,3040,0.08355263157894736,0.010154738878143133,0.32753062540296585,2.509993552546744,1.0,1008,0.16247582205029013,196,0.19444444444444445,2032,0.32753062540296585,378,0.1860236220472441
official_test,H0,12345,0.74,0.1,6204,2716,501,0.18446244477172313,0.2188910380399742,0.03529980657640232,2716,0.08063328424153167,0.008704061895551257,0.29368149580915537,2.5622179239200515,1.0,894,0.14410058027079303,172,0.19239373601789708,1822,0.29368149580915537,329,0.1805708013172338
official_test,H0,12345,0.75,0.1,6204,2449,426,0.17394855042874643,0.1973726627981947,0.028852353320438427,2449,0.07309105757452021,0.006769825918762089,0.26547388781431336,2.6052546744036107,1.0,802,0.1292714377820761,136,0.16957605985037408,1647,0.26547388781431336,290,0.1760777170613236
official_test,H0,12345,0.76,0.1,6204,2237,381,0.170317389360751,0.1802869116698904,0.024661508704061894,2237,0.06839517210549843,0.005319148936170213,0.24161831076724694,2.639426176660219,1.0,738,0.11895551257253385,120,0.16260162601626016,1499,0.24161831076724694,261,0.1741160773849233
official_test,H0,12345,0.77,0.1,6204,2001,325,0.16241879060469766,0.1612669245647969,0.022727272727272728,2001,0.0704647676161919,0.004674403610573823,0.21776273372018054,2.6774661508704063,1.0,650,0.10477111540941328,100,0.15384615384615385,1351,0.21776273372018054,225,0.16654330125832717
official_test,H0,12345,0.78,0.1,6204,1786,282,0.15789473684210525,0.14393939393939395,0.02192134107027724,1786,0.0761478163493841,0.004674403610573823,0.19632495164410058,2.712121212121212,1.0,568,0.0915538362346873,82,0.1443661971830986,1218,0.19632495164410058,200,0.16420361247947454
official_test,H0,12345,0.79,0.1,6204,1586,234,0.14754098360655737,0.1278207607994842,0.019825918762088973,1586,0.07755359394703656,0.004190844616376531,0.1756931012250161,2.7443584784010318,1.0,496,0.07994842037395229,68,0.13709677419354838,1090,0.1756931012250161,166,0.15229357798165138
official_test,H0,12345,0.8,0.1,6204,1421,198,0.13933849401829698,0.11452288845905867,0.018214055448098003,1421,0.07952146375791697,0.0035460992907801418,0.15618955512572533,2.7709542230818824,1.0,452,0.07285622179239201,58,0.12831858407079647,969,0.15618955512572533,140,0.14447884416924664
official_test,H0,12345,0.81,0.1,6204,1248,155,0.12419871794871795,0.10058027079303675,0.01708575112830432,1248,0.08493589743589744,0.0030625402965828497,0.13636363636363635,2.7988394584139265,1.0,402,0.06479690522243714,46,0.11442786069651742,846,0.13636363636363635,109,0.1288416075650118
official_test,H0,12345,0.82,0.1,6204,1119,123,0.10991957104557641,0.09018375241779497,0.01644100580270793,1119,0.09115281501340483,0.0025789813023855577,0.12330754352030948,2.8196324951644103,1.0,354,0.05705996131528046,32,0.0903954802259887,765,0.12330754352030948,91,0.11895424836601307
official_test,H0,12345,0.83,0.1,6204,993,96,0.09667673716012085,0.08002901353965183,0.014506769825918761,993,0.09063444108761329,0.0024177949709864605,0.10976789168278529,2.8399419729206965,1.0,312,0.05029013539651837,24,0.07692307692307693,681,0.10976789168278529,72,0.10572687224669604
official_test,H0,12345,0.84,0.1,6204,883,83,0.09399773499433749,0.07116376531270148,0.012572533849129593,883,0.08833522083805209,0.0019342359767891683,0.09622823984526112,2.857672469374597,1.0,286,0.04609929078014184,24,0.08391608391608392,597,0.09622823984526112,59,0.09882747068676717
official_test,H0,12345,0.85,0.1,6204,767,68,0.08865710560625815,0.06181495809155384,0.011283043197936816,767,0.09126466753585398,0.0016118633139909735,0.08333333333333333,2.876370083816892,1.0,250,0.04029658284977434,20,0.08,517,0.08333333333333333,48,0.09284332688588008
official_test,H0,12345,0.86,0.1,6204,676,54,0.07988165680473373,0.054480980012894906,0.009671179883945842,676,0.08875739644970414,0.0009671179883945841,0.07285622179239201,2.89103803997421,1.0,224,0.036105738233397806,18,0.08035714285714286,452,0.07285622179239201,36,0.07964601769911504
official_test,H0,12345,0.87,0.1,6204,570,42,0.07368421052631578,0.045938104448742745,0.008381689232753063,570,0.0912280701754386,0.0006447453255963894,0.0609284332688588,2.9081237911025144,1.0,192,0.030947775628626693,16,0.08333333333333333,378,0.0609284332688588,26,0.06878306878306878
official_test,H0,12345,0.88,0.1,6204,498,32,0.0642570281124498,0.04013539651837524,0.006769825918762089,498,0.08433734939759036,0.0003223726627981947,0.052869116698903935,2.9197292069632494,1.0,170,0.02740167633784655,12,0.07058823529411765,328,0.052869116698903935,20,0.06097560975609756
official_test,H0,12345,0.89,0.1,6204,402,21,0.05223880597014925,0.03239845261121857,0.004835589941972921,402,0.07462686567164178,0.0003223726627981947,0.0425531914893617,2.9352030947775627,1.0,138,0.022243713733075435,8,0.057971014492753624,264,0.0425531914893617,13,0.04924242424242424
official_test,H0,12345,0.9,0.1,6204,336,21,0.0625,0.027079303675048357,0.004674403610573823,336,0.08630952380952381,0.0003223726627981947,0.03481624758220503,2.9458413926499034,1.0,120,0.019342359767891684,8,0.06666666666666667,216,0.03481624758220503,13,0.06018518518518518
official_test,H0,12345,0.91,0.1,6204,254,17,0.06692913385826772,0.020470664087685365,0.003223726627981947,254,0.07874015748031496,0.0003223726627981947,0.02611218568665377,2.9590586718246294,1.0,92,0.014829142488716958,6,0.06521739130434782,162,0.02611218568665377,11,0.06790123456790123
official_test,H0,12345,0.92,0.1,6204,202,5,0.024752475247524754,0.016279819471308833,0.0017730496453900709,202,0.054455445544554455,0.0,0.020309477756286266,2.9674403610573825,1.0,76,0.012250161186331399,2,0.02631578947368421,126,0.020309477756286266,3,0.023809523809523808
official_test,H0,12345,0.93,0.1,6204,152,5,0.03289473684210526,0.012250161186331399,0.0008059316569954867,152,0.03289473684210526,0.0,0.014829142488716958,2.975499677627337,1.0,60,0.009671179883945842,2,0.03333333333333333,92,0.014829142488716958,3,0.03260869565217391
official_test,H0,12345,0.94,0.1,6204,94,0,0.0,0.007575757575757576,0.0003223726627981947,94,0.02127659574468085,0.0,0.009348807221147646,2.984848484848485,1.0,36,0.005802707930367505,0,0.0,58,0.009348807221147646,0,0.0
official_test,H0,12345,0.95,0.1,6204,61,0,0.0,0.004916183107672469,0.0,61,0.0,0.0,0.005641521598968408,2.990167633784655,1.0,26,0.004190844616376531,0,0.0,35,0.005641521598968408,0,0.0
official_test,H0,12345,0.96,0.1,6204,29,0,0.0,0.0023372018052869115,0.0,29,0.0,0.0,0.002740167633784655,2.995325596389426,1.0,12,0.0019342359767891683,0,0.0,17,0.002740167633784655,0,0.0
official_test,H0,12345,0.97,0.1,6204,13,0,0.0,0.0010477111540941329,0.0,13,0.0,0.0,0.0011283043197936814,2.997904577691812,1.0,6,0.0009671179883945841,0,0.0,7,0.0011283043197936814,0,0.0
official_test,H0,12345,0.98,0.1,6204,4,0,0.0,0.0003223726627981947,0.0,4,0.0,0.0,0.0003223726627981947,2.999355254674404,1.0,2,0.0003223726627981947,0,0.0,2,0.0003223726627981947,0,0.0
official_test,H0,12345,0.99,0.1,6204,0,0,,0.0,0.0,0,,0.0,0.0,3.0,1.0,0,0.0,0,,0,0.0,0,
official_test,H0,12345,1.0,0.1,6204,0,0,,0.0,0.0,0,,0.0,0.0,3.0,1.0,0,0.0,0,,0,0.0,0,
official_test,LR,1,0.0,0.05,6204,12408,5400,0.43520309477756286,1.0,0.630722114764668,12408,0.315361057382334,0.26998710509348806,1.0,1.0,1.0,6204,1.0,2960,0.4771115409413282,6204,1.0,2440,0.39329464861379754
official_test,LR,1,0.01,0.05,6204,12408,5400,0.43520309477756286,1.0,0.630722114764668,12408,0.315361057382334,0.26998710509348806,1.0,1.0,1.0,6204,1.0,2960,0.4771115409413282,6204,1.0,2440,0.39329464861379754
official_test,LR,1,0.02,0.05,6204,12408,5400,0.43520309477756286,1.0,0.630722114764668,12408,0.315361057382334,0.26998710509348806,1.0,1.0,1.0,6204,1.0,2960,0.4771115409413282,6204,1.0,2440,0.39329464861379754
official_test,LR,1,0.03,0.05,6204,12408,5368,0.4326241134751773,1.0,0.6133139909735654,12408,0.3066569954867827,0.2657962604771115,1.0,1.0,1.0,6204,1.0,2960,0.4771115409413282,6204,1.0,2408,0.38813668600902645
official_test,LR,1,0.04,0.05,6204,12408,5331,0.42964216634429403,1.0,0.5938104448742747,12408,0.29690522243713735,0.2620889748549323,1.0,1.0,1.0,6204,1.0,2960,0.4771115409413282,6204,1.0,2371,0.3821727917472598
official_test,LR,1,0.05,0.05,6204,12408,5269,0.424645390070922,1.0,0.5802707930367504,12408,0.2901353965183752,0.2587040618955513,1.0,1.0,1.0,6204,1.0,2960,0.4771115409413282,6204,1.0,2309,0.3721792392005158
official_test,LR,1,0.06,0.05,6204,12408,5262,0.42408123791102514,1.0,0.5781753707285622,12408,0.2890876853642811,0.2585428755641522,1.0,1.0,1.0,6204,1.0,2960,0.4771115409413282,6204,1.0,2302,0.3710509348807221
official_test,LR,1,0.07,0.05,6204,12408,5262,0.42408123791102514,1.0,0.5781753707285622,12408,0.2890876853642811,0.2585428755641522,1.0,1.0,1.0,6204,1.0,2960,0.4771115409413282,6204,1.0,2302,0.3710509348807221
official_test,LR,1,0.08,0.05,6204,12203,5054,0.4141604523477833,0.9834784010315926,0.5475499677627337,12203,0.27837417028599526,0.24564796905222436,0.995003223726628,1.0330431979368149,1.0,6030,0.971953578336557,2800,0.46434494195688225,6173,0.995003223726628,2254,0.3651385063988336
official_test,LR,1,0.09,0.05,6204,12094,4893,0.40458078385976515,0.9746937459703418,0.4945196647324307,12094,0.2536795105010749,0.22920696324951645,0.9874274661508704,1.0506125080593165,1.0,5968,0.961960025789813,2744,0.4597855227882037,6126,0.9874274661508704,2149,0.3507998694090761
official_test,LR,1,0.1,0.05,6204,12066,4851,0.40203878667329684,0.9724371373307543,0.48372018052869115,12066,0.24871539864080888,0.2256608639587363,0.9829142488716957,1.0551257253384914,1.0,5968,0.961960025789813,2744,0.4597855227882037,6098,0.9829142488716957,2107,0.3455231223351919
official_test,LR,1,0.11,0.05,6204,11717,4532,0.3867884270717761,0.9443101225016118,0.4395551257253385,11717,0.2327387556541777,0.19729206963249515,0.9788845905867183,1.1113797549967763,1.0,5644,0.9097356544165055,2448,0.43373493975903615,6073,0.9788845905867183,2084,0.3431582413963445
official_test,LR,1,0.12,0.05,6204,11235,4098,0.36475300400534044,0.9054642166344294,0.377498388136686,11235,0.20845571873609256,0.15941328175370728,0.9740490006447453,1.1890715667311411,1.0,5192,0.8368794326241135,2038,0.3925269645608629,6043,0.9740490006447453,2060,0.3408902862816482
official_test,LR,1,0.13,0.05,6204,10994,3871,0.35210114607967985,0.8860412637008381,0.35009671179883944,10994,0.1975623067127524,0.14216634429400388,0.9661508704061895,1.2279174725983237,1.0,5000,0.8059316569954867,1856,0.3712,5994,0.9661508704061895,2015,0.3361695028361695
official_test,LR,1,0.14,0.05,6204,10609,3527,0.33245357715147517,0.8550128949065119,0.3035138620245003,10609,0.17749080968988595,0.1155705996131528,0.9408446163765313,1.2899742101869762,1.0,4772,0.7691811734364926,1654,0.34660519698239733,5837,0.9408446163765313,1873,0.3208840157615213
official_test,LR,1,0.15,0.05,6204,10576,3497,0.33065431164901665,0.8523533204384268,0.2988394584139265,10576,0.17530257186081694,0.11234687298517086,0.935525467440361,1.2952933591231464,1.0,4772,0.7691811734364926,1654,0.34660519698239733,5804,0.935525467440361,1843,0.317539627842867
official_test,LR,1,0.16,0.05,6204,10576,3497,0.33065431164901665,0.8523533204384268,0.2988394584139265,10576,0.17530257186081694,0.11234687298517086,0.935525467440361,1.2952933591231464,1.0,4772,0.7691811734364926,1654,0.34660519698239733,5804,0.935525467440361,1843,0.317539627842867
official_test,LR,1,0.17,0.05,6204,10576,3497,0.33065431164901665,0.8523533204384268,0.2988394584139265,10576,0.17530257186081694,0.11234687298517086,0.935525467440361,1.2952933591231464,1.0,4772,0.7691811734364926,1654,0.34660519698239733,5804,0.935525467440361,1843,0.317539627842867
official_test,LR,1,0.18,0.05,6204,10576,3497,0.33065431164901665,0.8523533204384268,0.2988394584139265,10576,0.17530257186081694,0.11234687298517086,0.935525467440361,1.2952933591231464,1.0,4772,0.7691811734364926,1654,0.34660519698239733,5804,0.935525467440361,1843,0.317539627842867
official_test,LR,1,0.19,0.05,6204,10576,3497,0.33065431164901665,0.8523533204384268,0.2988394584139265,10576,0.17530257186081694,0.11234687298517086,0.935525467440361,1.2952933591231464,1.0,4772,0.7691811734364926,1654,0.34660519698239733,5804,0.935525467440361,1843,0.317539627842867
official_test,LR,1,0.2,0.05,6204,10576,3497,0.33065431164901665,0.8523533204384268,0.2988394584139265,10576,0.17530257186081694,0.11234687298517086,0.935525467440361,1.2952933591231464,1.0,4772,0.7691811734364926,1654,0.34660519698239733,5804,0.935525467440361,1843,0.317539627842867
official_test,LR,1,0.21,0.05,6204,10576,3497,0.33065431164901665,0.8523533204384268,0.2988394584139265,10576,0.17530257186081694,0.11234687298517086,0.935525467440361,1.2952933591231464,1.0,4772,0.7691811734364926,1654,0.34660519698239733,5804,0.935525467440361,1843,0.317539627842867
official_test,LR,1,0.22,0.05,6204,10576,3497,0.33065431164901665,0.8523533204384268,0.2988394584139265,10576,0.17530257186081694,0.11234687298517086,0.935525467440361,1.2952933591231464,1.0,4772,0.7691811734364926,1654,0.34660519698239733,5804,0.935525467440361,1843,0.317539627842867
official_test,LR,1,0.23,0.05,6204,10576,3497,0.33065431164901665,0.8523533204384268,0.2988394584139265,10576,0.17530257186081694,0.11234687298517086,0.935525467440361,1.2952933591231464,1.0,4772,0.7691811734364926,1654,0.34660519698239733,5804,0.935525467440361,1843,0.317539627842867
official_test,LR,1,0.24,0.05,6204,10576,3497,0.33065431164901665,0.8523533204384268,0.2988394584139265,10576,0.17530257186081694,0.11234687298517086,0.935525467440361,1.2952933591231464,1.0,4772,0.7691811734364926,1654,0.34660519698239733,5804,0.935525467440361,1843,0.317539627842867
official_test,LR,1,0.25,0.05,6204,10576,3497,0.33065431164901665,0.8523533204384268,0.2988394584139265,10576,0.17530257186081694,0.11234687298517086,0.935525467440361,1.2952933591231464,1.0,4772,0.7691811734364926,1654,0.34660519698239733,5804,0.935525467440361,1843,0.317539627842867
official_test,LR,1,0.26,0.05,6204,10576,3497,0.33065431164901665,0.8523533204384268,0.2988394584139265,10576,0.17530257186081694,0.11234687298517086,0.935525467440361,1.2952933591231464,1.0,4772,0.7691811734364926,1654,0.34660519698239733,5804,0.935525467440361,1843,0.317539627842867
official_test,LR,1,0.27,0.05,6204,10576,3497,0.33065431164901665,0.8523533204384268,0.2988394584139265,10576,0.17530257186081694,0.11234687298517086,0.935525467440361,1.2952933591231464,1.0,4772,0.7691811734364926,1654,0.34660519698239733,5804,0.935525467440361,1843,0.317539627842867
official_test,LR,1,0.28,0.05,6204,10576,3497,0.33065431164901665,0.8523533204384268,0.2988394584139265,10576,0.17530257186081694,0.11234687298517086,0.935525467440361,1.2952933591231464,1.0,4772,0.7691811734364926,1654,0.34660519698239733,5804,0.935525467440361,1843,0.317539627842867
official_test,LR,1,0.29,0.05,6204,10576,3497,0.33065431164901665,0.8523533204384268,0.2988394584139265,10576,0.17530257186081694,0.11234687298517086,0.935525467440361,1.2952933591231464,1.0,4772,0.7691811734364926,1654,0.34660519698239733,5804,0.935525467440361,1843,0.317539627842867
official_test,LR,1,0.3,0.05,6204,10576,3497,0.33065431164901665,0.8523533204384268,0.2988394584139265,10576,0.17530257186081694,0.11234687298517086,0.935525467440361,1.2952933591231464,1.0,4772,0.7691811734364926,1654,0.34660519698239733,5804,0.935525467440361,1843,0.317539627842867
official_test,LR,1,0.31,0.05,6204,10576,3497,0.33065431164901665,0.8523533204384268,0.2988394584139265,10576,0.17530257186081694,0.11234687298517086,0.935525467440361,1.2952933591231464,1.0,4772,0.7691811734364926,1654,0.34660519698239733,5804,0.935525467440361,1843,0.317539627842867
official_test,LR,1,0.32,0.05,6204,10576,3497,0.33065431164901665,0.8523533204384268,0.2988394584139265,10576,0.17530257186081694,0.11234687298517086,0.935525467440361,1.2952933591231464,1.0,4772,0.7691811734364926,1654,0.34660519698239733,5804,0.935525467440361,1843,0.317539627842867
official_test,LR,1,0.33,0.05,6204,10576,3497,0.33065431164901665,0.8523533204384268,0.2988394584139265,10576,0.17530257186081694,0.11234687298517086,0.935525467440361,1.2952933591231464,1.0,4772,0.7691811734364926,1654,0.34660519698239733,5804,0.935525467440361,1843,0.317539627842867
official_test,LR,1,0.34,0.05,6204,10576,3497,0.33065431164901665,0.8523533204384268,0.2988394584139265,10576,0.17530257186081694,0.11234687298517086,0.935525467440361,1.2952933591231464,1.0,4772,0.7691811734364926,1654,0.34660519698239733,5804,0.935525467440361,1843,0.317539627842867
official_test,LR,1,0.35,0.05,6204,10576,3497,0.33065431164901665,0.8523533204384268,0.2988394584139265,10576,0.17530257186081694,0.11234687298517086,0.935525467440361,1.2952933591231464,1.0,4772,0.7691811734364926,1654,0.34660519698239733,5804,0.935525467440361,1843,0.317539627842867
official_test,LR,1,0.36,0.05,6204,10576,3497,0.33065431164901665,0.8523533204384268,0.2988394584139265,10576,0.17530257186081694,0.11234687298517086,0.935525467440361,1.2952933591231464,1.0,4772,0.7691811734364926,1654,0.34660519698239733,5804,0.935525467440361,1843,0.317539627842867
official_test,LR,1,0.37,0.05,6204,10576,3497,0.33065431164901665,0.8523533204384268,0.2988394584139265,10576,0.17530257186081694,0.11234687298517086,0.935525467440361,1.2952933591231464,1.0,4772,0.7691811734364926,1654,0.34660519698239733,5804,0.935525467440361,1843,0.317539627842867
official_test,LR,1,0.38,0.05,6204,10576,3497,0.33065431164901665,0.8523533204384268,0.2988394584139265,10576,0.17530257186081694,0.11234687298517086,0.935525467440361,1.2952933591231464,1.0,4772,0.7691811734364926,1654,0.34660519698239733,5804,0.935525467440361,1843,0.317539627842867
official_test,LR,1,0.39,0.05,6204,10576,3497,0.33065431164901665,0.8523533204384268,0.2988394584139265,10576,0.17530257186081694,0.11234687298517086,0.935525467440361,1.2952933591231464,1.0,4772,0.7691811734364926,1654,0.34660519698239733,5804,0.935525467440361,1843,0.317539627842867
official_test,LR,1,0.4,0.05,6204,10576,3497,0.33065431164901665,0.8523533204384268,0.2988394584139265,10576,0.17530257186081694,0.11234687298517086,0.935525467440361,1.2952933591231464,1.0,4772,0.7691811734364926,1654,0.34660519698239733,5804,0.935525467440361,1843,0.317539627842867
official_test,LR,1,0.41,0.05,6204,10576,3497,0.33065431164901665,0.8523533204384268,0.2988394584139265,10576,0.17530257186081694,0.11234687298517086,0.935525467440361,1.2952933591231464,1.0,4772,0.7691811734364926,1654,0.34660519698239733,5804,0.935525467440361,1843,0.317539627842867
official_test,LR,1,0.42,0.05,6204,10576,3497,0.33065431164901665,0.8523533204384268,0.2988394584139265,10576,0.17530257186081694,0.11234687298517086,0.935525467440361,1.2952933591231464,1.0,4772,0.7691811734364926,1654,0.34660519698239733,5804,0.935525467440361,1843,0.317539627842867
official_test,LR,1,0.43,0.05,6204,10576,3497,0.33065431164901665,0.8523533204384268,0.2988394584139265,10576,0.17530257186081694,0.11234687298517086,0.935525467440361,1.2952933591231464,1.0,4772,0.7691811734364926,1654,0.34660519698239733,5804,0.935525467440361,1843,0.317539627842867
official_test,LR,1,0.44,0.05,6204,10576,3504,0.3313161875945537,0.8523533204384268,0.29754996776273374,10576,0.1745461422087746,0.11234687298517086,0.935525467440361,1.2952933591231464,1.0,4772,0.7691811734364926,1654,0.34660519698239733,5804,0.935525467440361,1850,0.31874569262577535
official_test,LR,1,0.45,0.05,6204,10576,3498,0.33074886535552195,0.8523533204384268,0.29658284977433913,10576,0.17397881996974282,0.11202450032237267,0.935525467440361,1.2952933591231464,1.0,4772,0.7691811734364926,1654,0.34660519698239733,5804,0.935525467440361,1844,0.3177119228118539
official_test,LR,1,0.46,0.05,6204,10576,3499,0.33084341906202724,0.8523533204384268,0.29577691811734363,10576,0.17350605143721634,0.11202450032237267,0.935525467440361,1.2952933591231464,1.0,4772,0.7691811734364926,1654,0.34660519698239733,5804,0.935525467440361,1845,0.3178842177808408
official_test,LR,1,0.47,0.05,6204,10576,3506,0.3315052950075643,0.8523533204384268,0.2948098001289491,10576,0.17293872919818457,0.11186331399097356,0.935525467440361,1.2952933591231464,1.0,4772,0.7691811734364926,1654,0.34660519698239733,5804,0.935525467440361,1852,0.31909028256374916
official_test,LR,1,0.48,0.05,6204,10532,3479,0.33032662362324344,0.8488072211476467,0.2917472598323662,10532,0.17185719711355868,0.11041263700838169,0.9332688588007737,1.3023855577047065,1.0,4742,0.7643455834945196,1632,0.3441585828764234,5790,0.9332688588007737,1847,0.31899827288428323
official_test,LR,1,0.49,0.05,6204,10435,3420,0.3277431720172496,0.8409896840747905,0.2846550612508059,10435,0.16923814087206515,0.10880077369439071,0.9282720825274017,1.318020631850419,1.0,4676,0.7537072856221793,1600,0.3421727972626176,5759,0.9282720825274017,1820,0.3160270880361174
official_test,LR,1,0.5,0.05,6204,10320,3362,0.3257751937984496,0.8317214700193424,0.2775628626692456,10320,0.16686046511627908,0.10622179239200516,0.9197292069632496,1.3365570599613152,1.0,4614,0.7437137330754352,1572,0.34070221066319895,5706,0.9197292069632496,1790,0.3137048720644935
official_test,LR,1,0.51,0.05,6204,10218,3301,0.323057349774907,0.8235009671179884,0.27014829142488717,10218,0.1640242708944999,0.10283687943262411,0.9113475177304965,1.3529980657640233,1.0,4564,0.7356544165054804,1542,0.3378615249780894,5654,0.9113475177304965,1759,0.3111071807569862
official_test,LR,1,0.52,0.05,6204,10102,3248,0.3215204909918828,0.8141521598968408,0.2664410058027079,10102,0.1636309641655118,0.10138620245003224,0.9029658284977434,1.3716956802063185,1.0,4500,0.7253384912959381,1514,0.33644444444444443,5602,0.9029658284977434,1734,0.30953230988932523
official_test,LR,1,0.53,0.05,6204,9993,3201,0.3203242269588712,0.8053675048355899,0.2620889748549323,9993,0.16271389972981087,0.09961315280464217,0.8953900709219859,1.3892649903288201,1.0,4438,0.715344938749194,1486,0.3348355114916629,5555,0.8953900709219859,1715,0.30873087308730873
official_test,LR,1,0.54,0.05,6204,9856,3132,0.317775974025974,0.7943262411347518,0.2556415215989684,9856,0.1609172077922078,0.097678916827853,0.8836234687298518,1.4113475177304964,1.0,4374,0.7050290135396519,1456,0.33287608596250573,5482,0.8836234687298518,1676,0.30572783655600144
official_test,LR,1,0.55,0.05,6204,9737,3103,0.31868131868131866,0.7847356544165055,0.25177304964539005,9737,0.16041902023210433,0.09606705351386202,0.874113475177305,1.430528691166989,1.0,4314,0.695357833655706,1444,0.33472415391747795,5423,0.874113475177305,1659,0.3059192328969205
official_test,LR,1,0.56,0.05,6204,9580,3035,0.3168058455114823,0.7720825274016764,0.24725983236621535,9580,0.16012526096033403,0.09477756286266925,0.8594455190199871,1.4558349451966472,1.0,4248,0.6847195357833655,1418,0.333804143126177,5332,0.8594455190199871,1617,0.3032633158289572
official_test,LR,1,0.57,0.05,6204,9443,2980,0.31557767658583075,0.7610412637008381,0.2443584784010316,9443,0.16054220057185217,0.09397163120567376,0.847678916827853,1.4779174725983237,1.0,4184,0.6744036105738234,1394,0.3331739961759082,5259,0.847678916827853,1586,0.30157824681498385
official_test,LR,1,0.58,0.05,6204,9210,2879,0.31259500542888163,0.7422630560928434,0.23323662153449387,9210,0.15711183496199782,0.08865248226950355,0.8326885880077369,1.5154738878143132,1.0,4044,0.6518375241779497,1332,0.3293768545994065,5166,0.8326885880077369,1547,0.2994579945799458
official_test,LR,1,0.59,0.05,6204,8787,2706,0.3079549334243769,0.7081721470019342,0.21324951644100582,8787,0.1505633321952885,0.0797872340425532,0.8102836879432624,1.5836557059961316,1.0,3760,0.6060606060606061,1216,0.32340425531914896,5027,0.8102836879432624,1490,0.2963994430077581
official_test,LR,1,0.6,0.05,6204,8367,2552,0.3050077686147962,0.6743230174081238,0.19745325596389426,8367,0.14640850962113064,0.0736621534493875,0.7819148936170213,1.6513539651837523,1.0,3516,0.5667311411992263,1118,0.3179749715585893,4851,0.7819148936170213,1434,0.2956091527520099
official_test,LR,1,0.61,0.05,6204,8029,2394,0.2981691368788143,0.6470825274016764,0.18778207607994843,8029,0.145099016066758,0.06931012250161186,0.7580593165699548,1.7058349451966472,1.0,3326,0.5361057382333978,1032,0.31028262176788934,4703,0.7580593165699548,1362,0.2896023814586434
official_test,LR,1,0.62,0.05,6204,7668,2249,0.29329681794470525,0.6179883945841392,0.1769825918762089,7668,0.1431924882629108,0.06576402321083172,0.7350096711798839,1.7640232108317215,1.0,3108,0.5009671179883946,944,0.30373230373230375,4560,0.7350096711798839,1305,0.28618421052631576
official_test,LR,1,0.63,0.05,6204,7202,2055,0.28533740627603443,0.5804319793681496,0.1644100580270793,7202,0.1416273257428492,0.059961315280464215,0.7001934235976789,1.8391360412637008,1.0,2858,0.4606705351386202,842,0.29461161651504547,4344,0.7001934235976789,1213,0.27923572744014735
official_test,LR,1,0.64,0.05,6204,6632,1814,0.2735223160434258,0.5344938749194068,0.14426176660219214,6632,0.13495174909529553,0.051418439716312055,0.6547388781431335,1.9310122501611864,1.0,2570,0.4142488716956802,716,0.2785992217898833,4062,0.6547388781431335,1098,0.27031019202363366
official_test,LR,1,0.65,0.05,6204,6027,1600,0.2654720424755268,0.4857350096711799,0.12314635718891039,6027,0.12676290028206405,0.0427143778207608,0.6036428110896196,2.0285299806576402,1.0,2282,0.3678272082527402,624,0.27344434706397897,3745,0.6036428110896196,976,0.26061415220293727
official_test,LR,1,0.66,0.05,6204,5487,1377,0.25095680699835976,0.44221470019342357,0.10847840103159252,5487,0.12265354474211773,0.0365892972275951,0.5604448742746615,2.115570599613153,1.0,2010,0.3239845261121857,520,0.25870646766169153,3477,0.5604448742746615,857,0.2464768478573483
official_test,LR,1,0.67,0.05,6204,4997,1235,0.24714828897338403,0.40272404900064473,0.09542230818826564,4997,0.11847108264958975,0.031914893617021274,0.5172469374597034,2.1945519019987105,1.0,1788,0.28820116054158607,460,0.25727069351230425,3209,0.5172469374597034,775,0.24150825802430664
official_test,LR,1,0.68,0.05,6204,4505,1046,0.23218645948945615,0.3630722114764668,0.07865892972275951,4505,0.10832408435072143,0.025306254029658286,0.4734042553191489,2.2738555770470663,1.0,1568,0.25274016763378465,372,0.2372448979591837,2937,0.4734042553191489,674,0.22948586993530815
official_test,LR,1,0.69,0.05,6204,3999,869,0.2173043260815204,0.3222920696324952,0.06205673758865248,3999,0.09627406851712929,0.01773049645390071,0.42504835589941975,2.3554158607350097,1.0,1362,0.21953578336557059,294,0.21585903083700442,2637,0.42504835589941975,575,0.2180508153204399
official_test,LR,1,0.7,0.05,6204,3571,736,0.20610473256790815,0.2877981947130883,0.05029013539651837,3571,0.08737048445813497,0.012894906511927788,0.3837846550612508,2.4244036105738234,1.0,1190,0.19181173436492585,242,0.20336134453781513,2381,0.3837846550612508,494,0.20747585048299033
official_test,LR,1,0.71,0.05,6204,3190,633,0.19843260188087775,0.2570921985815603,0.0425531914893617,3190,0.08275862068965517,0.010315925209542231,0.3465506125080593,2.4858156028368796,1.0,1040,0.16763378465506126,198,0.19038461538461537,2150,0.3465506125080593,435,0.20232558139534884
official_test,LR,1,0.72,0.05,6204,2867,541,0.1886989884897105,0.23106060606060605,0.033849129593810444,2867,0.07324729682595046,0.007414571244358479,0.3154416505480335,2.537878787878788,1.0,910,0.1466795615731786,164,0.18021978021978022,1957,0.3154416505480335,377,0.19264179867143588
official_test,LR,1,0.73,0.05,6204,2561,459,0.17922686450605232,0.20639909735654416,0.02852998065764023,2561,0.069113627489262,0.00548033526756931,0.2838491295938104,2.5872018052869117,1.0,800,0.1289490651192779,138,0.1725,1761,0.2838491295938104,321,0.18228279386712096
official_test,LR,1,0.74,0.05,6204,2244,380,0.16934046345811052,0.18085106382978725,0.024177949709864602,2244,0.06684491978609626,0.0038684719535783366,0.2501611863313991,2.6382978723404253,1.0,692,0.11154094132817537,112,0.16184971098265896,1552,0.2501611863313991,268,0.17268041237113402
official_test,LR,1,0.75,0.05,6204,1960,327,0.16683673469387755,0.1579626047711154,0.0183752417794971,1960,0.058163265306122446,0.0030625402965828497,0.22114764667956158,2.6840747904577693,1.0,588,0.09477756286266925,94,0.1598639455782313,1372,0.22114764667956158,233,0.16982507288629736
official_test,LR,1,0.76,0.05,6204,1709,275,0.16091281451141018,0.13773372018052868,0.01337846550612508,1709,0.04856641310708017,0.0024177949709864605,0.1945519019987105,2.7245325596389427,1.0,502,0.08091553836234687,76,0.15139442231075698,1207,0.1945519019987105,199,0.16487158243579123
official_test,LR,1,0.77,0.05,6204,1480,215,0.14527027027027026,0.11927788523533205,0.009671179883945842,1480,0.04054054054054054,0.0008059316569954867,0.1698903932946486,2.761444229529336,1.0,426,0.06866537717601548,64,0.15023474178403756,1054,0.1698903932946486,151,0.1432637571157495
official_test,LR,1,0.78,0.05,6204,1308,194,0.14831804281345565,0.10541586073500966,0.00854287556415216,1308,0.040519877675840976,0.0008059316569954867,0.14990328820116053,2.7891682785299805,1.0,378,0.0609284332688588,60,0.15873015873015872,930,0.14990328820116053,134,0.14408602150537633
official_test,LR,1,0.79,0.05,6204,1150,168,0.14608695652173914,0.09268214055448099,0.006931012250161186,1150,0.03739130434782609,0.0008059316569954867,0.13217279174725982,2.8146357188910383,1.0,330,0.05319148936170213,50,0.15151515151515152,820,0.13217279174725982,118,0.14390243902439023
official_test,LR,1,0.8,0.05,6204,1029,153,0.14868804664723032,0.0829303675048356,0.005319148936170213,1029,0.03206997084548105,0.00048355899419729207,0.11879432624113476,2.8341392649903288,1.0,292,0.047066408768536426,44,0.1506849315068493,737,0.11879432624113476,109,0.14789687924016282
official_test,LR,1,0.81,0.05,6204,898,125,0.13919821826280623,0.07237266279819471,0.004029658284977434,898,0.02783964365256125,0.00048355899419729207,0.10444874274661509,2.8552546744036107,1.0,250,0.04029658284977434,32,0.128,648,0.10444874274661509,93,0.14351851851851852
official_test,LR,1,0.82,0.05,6204,729,81,0.1111111111111111,0.058752417794970986,0.002256608639587363,729,0.019204389574759947,0.00048355899419729207,0.08720180528691167,2.882495164410058,1.0,188,0.030303030303030304,18,0.09574468085106383,541,0.08720180528691167,63,0.11645101663585952
official_test,LR,1,0.83,0.05,6204,595,62,0.10420168067226891,0.04795293359123146,0.0016118633139909735,595,0.01680672268907563,0.00048355899419729207,0.07205029013539652,2.904094132817537,1.0,148,0.02385557704706641,14,0.0945945945945946,447,0.07205029013539652,48,0.10738255033557047
official_test,LR,1,0.84,0.05,6204,498,51,0.10240963855421686,0.04013539651837524,0.0011283043197936814,498,0.014056224899598393,0.0003223726627981947,0.05963894261766602,2.9197292069632494,1.0,128,0.020631850419084462,12,0.09375,370,0.05963894261766602,39,0.10540540540540541
official_test,LR,1,0.85,0.05,6204,426,37,0.08685446009389672,0.03433268858800774,0.0008059316569954867,426,0.011737089201877934,0.0,0.05061250805931657,2.9313346228239845,1.0,112,0.018052869116698903,6,0.05357142857142857,314,0.05061250805931657,31,0.09872611464968153
official_test,LR,1,0.86,0.05,6204,359,29,0.0807799442896936,0.028932946486137975,0.0003223726627981947,359,0.005571030640668524,0.0,0.04206963249516441,2.9421341070277243,1.0,98,0.01579626047711154,6,0.061224489795918366,261,0.04206963249516441,23,0.08812260536398467
official_test,LR,1,0.87,0.05,6204,282,22,0.07801418439716312,0.022727272727272728,0.0003223726627981947,282,0.0070921985815602835,0.0,0.03320438426821406,2.9545454545454546,1.0,76,0.012250161186331399,6,0.07894736842105263,206,0.03320438426821406,16,0.07766990291262135
official_test,LR,1,0.88,0.05,6204,219,14,0.0639269406392694,0.01764990328820116,0.0,219,0.0,0.0,0.026273372018052868,2.9647001934235977,1.0,56,0.009026434558349452,4,0.07142857142857142,163,0.026273372018052868,10,0.06134969325153374
official_test,LR,1,0.89,0.05,6204,166,9,0.05421686746987952,0.01337846550612508,0.0,166,0.0,0.0,0.019987105093488073,2.97324306898775,1.0,42,0.006769825918762089,2,0.047619047619047616,124,0.019987105093488073,7,0.056451612903225805
official_test,LR,1,0.9,0.05,6204,124,7,0.056451612903225805,0.009993552546744036,0.0,124,0.0,0.0,0.014829142488716958,2.980012894906512,1.0,32,0.0051579626047711154,2,0.0625,92,0.014829142488716958,5,0.05434782608695652
official_test,LR,1,0.91,0.05,6204,89,7,0.07865168539325842,0.0071727917472598325,0.0,89,0.0,0.0,0.010799484203739523,2.98565441650548,1.0,22,0.0035460992907801418,2,0.09090909090909091,67,0.010799484203739523,5,0.07462686567164178
official_test,LR,1,0.92,0.05,6204,71,4,0.056338028169014086,0.005722114764667956,0.0,71,0.0,0.0,0.00854287556415216,2.988555770470664,1.0,18,0.0029013539651837525,0,0.0,53,0.00854287556415216,4,0.07547169811320754
official_test,LR,1,0.93,0.05,6204,55,2,0.03636363636363636,0.004432624113475178,0.0,55,0.0,0.0,0.005963894261766602,2.9911347517730498,1.0,18,0.0029013539651837525,0,0.0,37,0.005963894261766602,2,0.05405405405405406
official_test,LR,1,0.94,0.05,6204,39,0,0.0,0.0031431334622823983,0.0,39,0.0,0.0,0.004029658284977434,2.993713733075435,1.0,14,0.002256608639587363,0,0.0,25,0.004029658284977434,0,0.0
official_test,LR,1,0.95,0.05,6204,17,0,0.0,0.0013700838168923275,0.0,17,0.0,0.0,0.0020954223081882657,2.997259832366215,1.0,4,0.0006447453255963894,0,0.0,13,0.0020954223081882657,0,0.0
official_test,LR,1,0.96,0.05,6204,8,0,0.0,0.0006447453255963894,0.0,8,0.0,0.0,0.0012894906511927789,2.998710509348807,1.0,0,0.0,0,,8,0.0012894906511927789,0,0.0
official_test,LR,1,0.97,0.05,6204,0,0,,0.0,0.0,0,,0.0,0.0,3.0,1.0,0,0.0,0,,0,0.0,0,
official_test,LR,1,0.98,0.05,6204,0,0,,0.0,0.0,0,,0.0,0.0,3.0,1.0,0,0.0,0,,0,0.0,0,
official_test,LR,1,0.99,0.05,6204,0,0,,0.0,0.0,0,,0.0,0.0,3.0,1.0,0,0.0,0,,0,0.0,0,
official_test,LR,1,1.0,0.05,6204,0,0,,0.0,0.0,0,,0.0,0.0,3.0,1.0,0,0.0,0,,0,0.0,0,
official_test,PLATT,1,0.0,0.1,6204,12408,5400,0.43520309477756286,1.0,0.630722114764668,12408,0.315361057382334,0.26998710509348806,1.0,1.0,1.0,6204,1.0,2960,0.4771115409413282,6204,1.0,2440,0.39329464861379754
official_test,PLATT,1,0.01,0.1,6204,12408,5400,0.43520309477756286,1.0,0.630722114764668,12408,0.315361057382334,0.26998710509348806,1.0,1.0,1.0,6204,1.0,2960,0.4771115409413282,6204,1.0,2440,0.39329464861379754
official_test,PLATT,1,0.02,0.1,6204,12408,5400,0.43520309477756286,1.0,0.630722114764668,12408,0.315361057382334,0.26998710509348806,1.0,1.0,1.0,6204,1.0,2960,0.4771115409413282,6204,1.0,2440,0.39329464861379754
official_test,PLATT,1,0.03,0.1,6204,12408,5400,0.43520309477756286,1.0,0.630722114764668,12408,0.315361057382334,0.26998710509348806,1.0,1.0,1.0,6204,1.0,2960,0.4771115409413282,6204,1.0,2440,0.39329464861379754
official_test,PLATT,1,0.04,0.1,6204,12408,5400,0.43520309477756286,1.0,0.630722114764668,12408,0.315361057382334,0.26998710509348806,1.0,1.0,1.0,6204,1.0,2960,0.4771115409413282,6204,1.0,2440,0.39329464861379754
official_test,PLATT,1,0.05,0.1,6204,12408,5400,0.43520309477756286,1.0,0.630722114764668,12408,0.315361057382334,0.26998710509348806,1.0,1.0,1.0,6204,1.0,2960,0.4771115409413282,6204,1.0,2440,0.39329464861379754
official_test,PLATT,1,0.06,0.1,6204,12408,5400,0.43520309477756286,1.0,0.630722114764668,12408,0.315361057382334,0.26998710509348806,1.0,1.0,1.0,6204,1.0,2960,0.4771115409413282,6204,1.0,2440,0.39329464861379754
official_test,PLATT,1,0.07,0.1,6204,12408,5400,0.43520309477756286,1.0,0.630722114764668,12408,0.315361057382334,0.26998710509348806,1.0,1.0,1.0,6204,1.0,2960,0.4771115409413282,6204,1.0,2440,0.39329464861379754
official_test,PLATT,1,0.08,0.1,6204,12408,5400,0.43520309477756286,1.0,0.630722114764668,12408,0.315361057382334,0.26998710509348806,1.0,1.0,1.0,6204,1.0,2960,0.4771115409413282,6204,1.0,2440,0.39329464861379754
official_test,PLATT,1,0.09,0.1,6204,12408,5400,0.43520309477756286,1.0,0.630722114764668,12408,0.315361057382334,0.26998710509348806,1.0,1.0,1.0,6204,1.0,2960,0.4771115409413282,6204,1.0,2440,0.39329464861379754
official_test,PLATT,1,0.1,0.1,6204,12408,5400,0.43520309477756286,1.0,0.630722114764668,12408,0.315361057382334,0.26998710509348806,1.0,1.0,1.0,6204,1.0,2960,0.4771115409413282,6204,1.0,2440,0.39329464861379754
official_test,PLATT,1,0.11,0.1,6204,12408,5400,0.43520309477756286,1.0,0.630722114764668,12408,0.315361057382334,0.26998710509348806,1.0,1.0,1.0,6204,1.0,2960,0.4771115409413282,6204,1.0,2440,0.39329464861379754
official_test,PLATT,1,0.12,0.1,6204,12408,5400,0.43520309477756286,1.0,0.630722114764668,12408,0.315361057382334,0.26998710509348806,1.0,1.0,1.0,6204,1.0,2960,0.4771115409413282,6204,1.0,2440,0.39329464861379754
official_test,PLATT,1,0.13,0.1,6204,12408,5400,0.43520309477756286,1.0,0.630722114764668,12408,0.315361057382334,0.26998710509348806,1.0,1.0,1.0,6204,1.0,2960,0.4771115409413282,6204,1.0,2440,0.39329464861379754
official_test,PLATT,1,0.14,0.1,6204,12408,5400,0.43520309477756286,1.0,0.630722114764668,12408,0.315361057382334,0.26998710509348806,1.0,1.0,1.0,6204,1.0,2960,0.4771115409413282,6204,1.0,2440,0.39329464861379754
official_test,PLATT,1,0.15,0.1,6204,12408,5400,0.43520309477756286,1.0,0.630722114764668,12408,0.315361057382334,0.26998710509348806,1.0,1.0,1.0,6204,1.0,2960,0.4771115409413282,6204,1.0,2440,0.39329464861379754
official_test,PLATT,1,0.16,0.1,6204,12408,5400,0.43520309477756286,1.0,0.630722114764668,12408,0.315361057382334,0.26998710509348806,1.0,1.0,1.0,6204,1.0,2960,0.4771115409413282,6204,1.0,2440,0.39329464861379754
official_test,PLATT,1,0.17,0.1,6204,12408,5400,0.43520309477756286,1.0,0.630722114764668,12408,0.315361057382334,0.26998710509348806,1.0,1.0,1.0,6204,1.0,2960,0.4771115409413282,6204,1.0,2440,0.39329464861379754
official_test,PLATT,1,0.18,0.1,6204,12408,5400,0.43520309477756286,1.0,0.630722114764668,12408,0.315361057382334,0.26998710509348806,1.0,1.0,1.0,6204,1.0,2960,0.4771115409413282,6204,1.0,2440,0.39329464861379754
official_test,PLATT,1,0.19,0.1,6204,12408,5400,0.43520309477756286,1.0,0.630722114764668,12408,0.315361057382334,0.26998710509348806,1.0,1.0,1.0,6204,1.0,2960,0.4771115409413282,6204,1.0,2440,0.39329464861379754
official_test,PLATT,1,0.2,0.1,6204,12408,5400,0.43520309477756286,1.0,0.630722114764668,12408,0.315361057382334,0.26998710509348806,1.0,1.0,1.0,6204,1.0,2960,0.4771115409413282,6204,1.0,2440,0.39329464861379754
official_test,PLATT,1,0.21,0.1,6204,12408,5400,0.43520309477756286,1.0,0.630722114764668,12408,0.315361057382334,0.26998710509348806,1.0,1.0,1.0,6204,1.0,2960,0.4771115409413282,6204,1.0,2440,0.39329464861379754
official_test,PLATT,1,0.22,0.1,6204,12408,5400,0.43520309477756286,1.0,0.630722114764668,12408,0.315361057382334,0.26998710509348806,1.0,1.0,1.0,6204,1.0,2960,0.4771115409413282,6204,1.0,2440,0.39329464861379754
official_test,PLATT,1,0.23,0.1,6204,12408,5400,0.43520309477756286,1.0,0.630722114764668,12408,0.315361057382334,0.26998710509348806,1.0,1.0,1.0,6204,1.0,2960,0.4771115409413282,6204,1.0,2440,0.39329464861379754
official_test,PLATT,1,0.24,0.1,6204,12408,5400,0.43520309477756286,1.0,0.630722114764668,12408,0.315361057382334,0.26998710509348806,1.0,1.0,1.0,6204,1.0,2960,0.4771115409413282,6204,1.0,2440,0.39329464861379754
official_test,PLATT,1,0.25,0.1,6204,12408,5400,0.43520309477756286,1.0,0.630722114764668,12408,0.315361057382334,0.26998710509348806,1.0,1.0,1.0,6204,1.0,2960,0.4771115409413282,6204,1.0,2440,0.39329464861379754
official_test,PLATT,1,0.26,0.1,6204,12408,5400,0.43520309477756286,1.0,0.630722114764668,12408,0.315361057382334,0.26998710509348806,1.0,1.0,1.0,6204,1.0,2960,0.4771115409413282,6204,1.0,2440,0.39329464861379754
official_test,PLATT,1,0.27,0.1,6204,12408,5400,0.43520309477756286,1.0,0.630722114764668,12408,0.315361057382334,0.26998710509348806,1.0,1.0,1.0,6204,1.0,2960,0.4771115409413282,6204,1.0,2440,0.39329464861379754
official_test,PLATT,1,0.28,0.1,6204,12408,5400,0.43520309477756286,1.0,0.630722114764668,12408,0.315361057382334,0.26998710509348806,1.0,1.0,1.0,6204,1.0,2960,0.4771115409413282,6204,1.0,2440,0.39329464861379754
official_test,PLATT,1,0.29,0.1,6204,12408,5400,0.43520309477756286,1.0,0.630722114764668,12408,0.315361057382334,0.26998710509348806,1.0,1.0,1.0,6204,1.0,2960,0.4771115409413282,6204,1.0,2440,0.39329464861379754
official_test,PLATT,1,0.3,0.1,6204,12408,5400,0.43520309477756286,1.0,0.630722114764668,12408,0.315361057382334,0.26998710509348806,1.0,1.0,1.0,6204,1.0,2960,0.4771115409413282,6204,1.0,2440,0.39329464861379754
official_test,PLATT,1,0.31,0.1,6204,12408,5400,0.43520309477756286,1.0,0.630722114764668,12408,0.315361057382334,0.26998710509348806,1.0,1.0,1.0,6204,1.0,2960,0.4771115409413282,6204,1.0,2440,0.39329464861379754
official_test,PLATT,1,0.32,0.1,6204,12408,5400,0.43520309477756286,1.0,0.630722114764668,12408,0.315361057382334,0.26998710509348806,1.0,1.0,1.0,6204,1.0,2960,0.4771115409413282,6204,1.0,2440,0.39329464861379754
official_test,PLATT,1,0.33,0.1,6204,12408,5400,0.43520309477756286,1.0,0.630722114764668,12408,0.315361057382334,0.26998710509348806,1.0,1.0,1.0,6204,1.0,2960,0.4771115409413282,6204,1.0,2440,0.39329464861379754
official_test,PLATT,1,0.34,0.1,6204,12408,5400,0.43520309477756286,1.0,0.630722114764668,12408,0.315361057382334,0.26998710509348806,1.0,1.0,1.0,6204,1.0,2960,0.4771115409413282,6204,1.0,2440,0.39329464861379754
official_test,PLATT,1,0.35,0.1,6204,12408,5400,0.43520309477756286,1.0,0.630722114764668,12408,0.315361057382334,0.26998710509348806,1.0,1.0,1.0,6204,1.0,2960,0.4771115409413282,6204,1.0,2440,0.39329464861379754
official_test,PLATT,1,0.36,0.1,6204,12408,5400,0.43520309477756286,1.0,0.630722114764668,12408,0.315361057382334,0.26998710509348806,1.0,1.0,1.0,6204,1.0,2960,0.4771115409413282,6204,1.0,2440,0.39329464861379754
official_test,PLATT,1,0.37,0.1,6204,12408,5400,0.43520309477756286,1.0,0.630722114764668,12408,0.315361057382334,0.26998710509348806,1.0,1.0,1.0,6204,1.0,2960,0.4771115409413282,6204,1.0,2440,0.39329464861379754
official_test,PLATT,1,0.38,0.1,6204,12408,5400,0.43520309477756286,1.0,0.630722114764668,12408,0.315361057382334,0.26998710509348806,1.0,1.0,1.0,6204,1.0,2960,0.4771115409413282,6204,1.0,2440,0.39329464861379754
official_test,PLATT,1,0.39,0.1,6204,12408,5400,0.43520309477756286,1.0,0.630722114764668,12408,0.315361057382334,0.26998710509348806,1.0,1.0,1.0,6204,1.0,2960,0.4771115409413282,6204,1.0,2440,0.39329464861379754
official_test,PLATT,1,0.4,0.1,6204,12408,5400,0.43520309477756286,1.0,0.630722114764668,12408,0.315361057382334,0.26998710509348806,1.0,1.0,1.0,6204,1.0,2960,0.4771115409413282,6204,1.0,2440,0.39329464861379754
official_test,PLATT,1,0.41,0.1,6204,12408,5400,0.43520309477756286,1.0,0.630722114764668,12408,0.315361057382334,0.26998710509348806,1.0,1.0,1.0,6204,1.0,2960,0.4771115409413282,6204,1.0,2440,0.39329464861379754
official_test,PLATT,1,0.42,0.1,6204,12408,5434,0.4379432624113475,1.0,0.6055770470664088,12408,0.3027885235332044,0.266602192134107,1.0,1.0,1.0,6204,1.0,2960,0.4771115409413282,6204,1.0,2474,0.39877498388136684
official_test,PLATT,1,0.43,0.1,6204,12408,5509,0.4439877498388137,1.0,0.5801096067053514,12408,0.2900548033526757,0.26450676982591875,1.0,1.0,1.0,6204,1.0,2960,0.4771115409413282,6204,1.0,2549,0.41086395873629916
official_test,PLATT,1,0.44,0.1,6204,12408,5579,0.4496292714377821,1.0,0.5565764023210832,12408,0.2782882011605416,0.261605415860735,1.0,1.0,1.0,6204,1.0,2960,0.4771115409413282,6204,1.0,2619,0.422147001934236
official_test,PLATT,1,0.45,0.1,6204,12408,5644,0.45486782720825275,1.0,0.5365892972275951,12408,0.26829464861379754,0.2578981302385558,1.0,1.0,1.0,6204,1.0,2960,0.4771115409413282,6204,1.0,2684,0.4326241134751773
official_test,PLATT,1,0.46,0.1,6204,12408,5686,0.4582527401676338,1.0,0.5233720180528691,12408,0.2616860090264346,0.25499677627337203,1.0,1.0,1.0,6204,1.0,2960,0.4771115409413282,6204,1.0,2726,0.4393939393939394
official_test,PLATT,1,0.47,0.1,6204,12408,5730,0.46179883945841393,1.0,0.5103159252095423,12408,0.25515796260477114,0.25290135396518376,1.0,1.0,1.0,6204,1.0,2960,0.4771115409413282,6204,1.0,2770,0.4464861379754997
official_test,PLATT,1,0.48,0.1,6204,12408,5772,0.46518375241779497,1.0,0.4998388136686009,12408,0.24991940683430044,0.25112830431979366,1.0,1.0,1.0,6204,1.0,2960,0.4771115409413282,6204,1.0,2812,0.45325596389426176
official_test,PLATT,1,0.49,0.1,6204,12408,5776,0.4655061250805932,1.0,0.48533204384268214,12408,0.24266602192134107,0.24725983236621535,1.0,1.0,1.0,6204,1.0,2960,0.4771115409413282,6204,1.0,2816,0.45390070921985815
official_test,PLATT,1,0.5,0.1,6204,12408,5797,0.4671985815602837,1.0,0.4771115409413282,12408,0.2385557704706641,0.24532559638942616,1.0,1.0,1.0,6204,1.0,2960,0.4771115409413282,6204,1.0,2837,0.4572856221792392
official_test,PLATT,1,0.51,0.1,6204,12408,5825,0.46945519019987103,1.0,0.46760154738878146,12408,0.23380077369439073,0.2438749194068343,1.0,1.0,1.0,6204,1.0,2960,0.4771115409413282,6204,1.0,2865,0.46179883945841393
official_test,PLATT,1,0.52,0.1,6204,11713,5476,0.46751472722615894,0.9439877498388136,0.43423597678916825,11713,0.2300008537522411,0.2314635718891038,0.9908123791102514,1.1120245003223728,1.0,5566,0.8971631205673759,2636,0.4735896514552641,6147,0.9908123791102514,2840,0.462013990564503
official_test,PLATT,1,0.53,0.1,6204,10447,4830,0.4623336843112855,0.841956802063185,0.38330109606705354,10447,0.227625155547047,0.2087362991618311,0.9411669890393295,1.31608639587363,1.0,4608,0.7427466150870407,2170,0.4709201388888889,5839,0.9411669890393295,2660,0.45555745846891593
official_test,PLATT,1,0.54,0.1,6204,9099,4220,0.46378722936586436,0.7333172147001934,0.32591876208897486,9099,0.2222222222222222,0.18262411347517732,0.8625080593165699,1.5333655705996132,1.0,3748,0.6041263700838169,1786,0.47652081109925293,5351,0.8625080593165699,2434,0.4548682489254345
official_test,PLATT,1,0.55,0.1,6204,7915,3757,0.47466835123183826,0.6378949065119278,0.28417150225660864,7915,0.22274162981680354,0.16376531270148292,0.7722437137330754,1.7242101869761444,1.0,3124,0.5035460992907801,1530,0.48975672215108834,4791,0.7722437137330754,2227,0.4648298893759132
official_test,PLATT,1,0.56,0.1,6204,6902,3297,0.4776876267748479,0.556254029658285,0.2445196647324307,6902,0.2197913648217908,0.1450676982591876,0.6895551257253385,1.88749194068343,1.0,2624,0.4229529335912315,1308,0.49847560975609756,4278,0.6895551257253385,1989,0.4649368863955119
official_test,PLATT,1,0.57,0.1,6204,5950,2851,0.4791596638655462,0.4795293359123146,0.21147646679561574,5950,0.22050420168067228,0.1286266924564797,0.6012250161186331,2.0409413281753706,1.0,2220,0.3578336557059961,1118,0.5036036036036036,3730,0.6012250161186331,1733,0.4646112600536193
official_test,PLATT,1,0.58,0.1,6204,5087,2467,0.4849616669942992,0.40997743391360414,0.17972275950999356,5087,0.21918616080204442,0.11395873629916183,0.518214055448098,2.1800451321727916,1.0,1872,0.30174081237911027,960,0.5128205128205128,3215,0.518214055448098,1507,0.4687402799377916
official_test,PLATT,1,0.59,0.1,6204,4260,2081,0.4884976525821596,0.34332688588007737,0.1516763378465506,4260,0.22089201877934272,0.0978401031592521,0.4377820760799484,2.3133462282398454,1.0,1544,0.2488716956802063,816,0.5284974093264249,2716,0.4377820760799484,1265,0.46575846833578793
official_test,PLATT,1,0.6,0.1,6204,3569,1727,0.4838890445502942,0.2876370083816892,0.12362991618310767,3569,0.21490613617259738,0.08123791102514506,0.3702450032237266,2.4247259832366215,1.0,1272,0.20502901353965183,666,0.5235849056603774,2297,0.3702450032237266,1061,0.4619068350021768
official_test,PLATT,1,0.61,0.1,6204,2906,1362,0.4686854783207158,0.23420373952288845,0.09364925854287556,2906,0.19993117687543013,0.06350741457124436,0.3036750483558994,2.531592520954223,1.0,1022,0.1647324306898775,518,0.5068493150684932,1884,0.3036750483558994,844,0.44798301486199577
official_test,PLATT,1,0.62,0.1,6204,2319,1051,0.45321259163432515,0.18689555125725338,0.06818181818181818,2319,0.18240620957309184,0.04803352675693101,0.24226305609284332,2.626208897485493,1.0,816,0.13152804642166344,406,0.49754901960784315,1503,0.24226305609284332,645,0.4291417165668663
official_test,PLATT,1,0.63,0.1,6204,1713,690,0.4028021015761821,0.1380560928433269,0.044326241134751775,1713,0.16053706946876825,0.030947775628626693,0.1832688588007737,2.723887814313346,1.0,576,0.09284332688588008,258,0.4479166666666667,1137,0.1832688588007737,432,0.37994722955145116
official_test,PLATT,1,0.64,0.1,6204,1136,315,0.2772887323943662,0.0915538362346873,0.01579626047711154,1136,0.08626760563380281,0.010638297872340425,0.12572533849129594,2.8168923275306255,1.0,356,0.05738233397807866,108,0.30337078651685395,780,0.12572533849129594,207,0.2653846153846154
official_test,PLATT,1,0.65,0.1,6204,0,0,,0.0,0.0,0,,0.0,0.0,3.0,1.0,0,0.0,0,,0,0.0,0,
official_test,PLATT,1,0.66,0.1,6204,0,0,,0.0,0.0,0,,0.0,0.0,3.0,1.0,0,0.0,0,,0,0.0,0,
official_test,PLATT,1,0.67,0.1,6204,0,0,,0.0,0.0,0,,0.0,0.0,3.0,1.0,0,0.0,0,,0,0.0,0,
official_test,PLATT,1,0.68,0.1,6204,0,0,,0.0,0.0,0,,0.0,0.0,3.0,1.0,0,0.0,0,,0,0.0,0,
official_test,PLATT,1,0.69,0.1,6204,0,0,,0.0,0.0,0,,0.0,0.0,3.0,1.0,0,0.0,0,,0,0.0,0,
official_test,PLATT,1,0.7,0.1,6204,0,0,,0.0,0.0,0,,0.0,0.0,3.0,1.0,0,0.0,0,,0,0.0,0,
official_test,PLATT,1,0.71,0.1,6204,0,0,,0.0,0.0,0,,0.0,0.0,3.0,1.0,0,0.0,0,,0,0.0,0,
official_test,PLATT,1,0.72,0.1,6204,0,0,,0.0,0.0,0,,0.0,0.0,3.0,1.0,0,0.0,0,,0,0.0,0,
official_test,PLATT,1,0.73,0.1,6204,0,0,,0.0,0.0,0,,0.0,0.0,3.0,1.0,0,0.0,0,,0,0.0,0,
official_test,PLATT,1,0.74,0.1,6204,0,0,,0.0,0.0,0,,0.0,0.0,3.0,1.0,0,0.0,0,,0,0.0,0,
official_test,PLATT,1,0.75,0.1,6204,0,0,,0.0,0.0,0,,0.0,0.0,3.0,1.0,0,0.0,0,,0,0.0,0,
official_test,PLATT,1,0.76,0.1,6204,0,0,,0.0,0.0,0,,0.0,0.0,3.0,1.0,0,0.0,0,,0,0.0,0,
official_test,PLATT,1,0.77,0.1,6204,0,0,,0.0,0.0,0,,0.0,0.0,3.0,1.0,0,0.0,0,,0,0.0,0,
official_test,PLATT,1,0.78,0.1,6204,0,0,,0.0,0.0,0,,0.0,0.0,3.0,1.0,0,0.0,0,,0,0.0,0,
official_test,PLATT,1,0.79,0.1,6204,0,0,,0.0,0.0,0,,0.0,0.0,3.0,1.0,0,0.0,0,,0,0.0,0,
official_test,PLATT,1,0.8,0.1,6204,0,0,,0.0,0.0,0,,0.0,0.0,3.0,1.0,0,0.0,0,,0,0.0,0,
official_test,PLATT,1,0.81,0.1,6204,0,0,,0.0,0.0,0,,0.0,0.0,3.0,1.0,0,0.0,0,,0,0.0,0,
official_test,PLATT,1,0.82,0.1,6204,0,0,,0.0,0.0,0,,0.0,0.0,3.0,1.0,0,0.0,0,,0,0.0,0,
official_test,PLATT,1,0.83,0.1,6204,0,0,,0.0,0.0,0,,0.0,0.0,3.0,1.0,0,0.0,0,,0,0.0,0,
official_test,PLATT,1,0.84,0.1,6204,0,0,,0.0,0.0,0,,0.0,0.0,3.0,1.0,0,0.0,0,,0,0.0,0,
official_test,PLATT,1,0.85,0.1,6204,0,0,,0.0,0.0,0,,0.0,0.0,3.0,1.0,0,0.0,0,,0,0.0,0,
official_test,PLATT,1,0.86,0.1,6204,0,0,,0.0,0.0,0,,0.0,0.0,3.0,1.0,0,0.0,0,,0,0.0,0,
official_test,PLATT,1,0.87,0.1,6204,0,0,,0.0,0.0,0,,0.0,0.0,3.0,1.0,0,0.0,0,,0,0.0,0,
official_test,PLATT,1,0.88,0.1,6204,0,0,,0.0,0.0,0,,0.0,0.0,3.0,1.0,0,0.0,0,,0,0.0,0,
official_test,PLATT,1,0.89,0.1,6204,0,0,,0.0,0.0,0,,0.0,0.0,3.0,1.0,0,0.0,0,,0,0.0,0,
official_test,PLATT,1,0.9,0.1,6204,0,0,,0.0,0.0,0,,0.0,0.0,3.0,1.0,0,0.0,0,,0,0.0,0,
official_test,PLATT,1,0.91,0.1,6204,0,0,,0.0,0.0,0,,0.0,0.0,3.0,1.0,0,0.0,0,,0,0.0,0,
official_test,PLATT,1,0.92,0.1,6204,0,0,,0.0,0.0,0,,0.0,0.0,3.0,1.0,0,0.0,0,,0,0.0,0,
official_test,PLATT,1,0.93,0.1,6204,0,0,,0.0,0.0,0,,0.0,0.0,3.0,1.0,0,0.0,0,,0,0.0,0,
official_test,PLATT,1,0.94,0.1,6204,0,0,,0.0,0.0,0,,0.0,0.0,3.0,1.0,0,0.0,0,,0,0.0,0,
official_test,PLATT,1,0.95,0.1,6204,0,0,,0.0,0.0,0,,0.0,0.0,3.0,1.0,0,0.0,0,,0,0.0,0,
official_test,PLATT,1,0.96,0.1,6204,0,0,,0.0,0.0,0,,0.0,0.0,3.0,1.0,0,0.0,0,,0,0.0,0,
official_test,PLATT,1,0.97,0.1,6204,0,0,,0.0,0.0,0,,0.0,0.0,3.0,1.0,0,0.0,0,,0,0.0,0,
official_test,PLATT,1,0.98,0.1,6204,0,0,,0.0,0.0,0,,0.0,0.0,3.0,1.0,0,0.0,0,,0,0.0,0,
official_test,PLATT,1,0.99,0.1,6204,0,0,,0.0,0.0,0,,0.0,0.0,3.0,1.0,0,0.0,0,,0,0.0,0,
official_test,PLATT,1,1.0,0.1,6204,0,0,,0.0,0.0,0,,0.0,0.0,3.0,1.0,0,0.0,0,,0,0.0,0,
official_test,ISO,1,0.0,0.1,6204,12408,5400,0.43520309477756286,1.0,0.630722114764668,12408,0.315361057382334,0.26998710509348806,1.0,1.0,1.0,6204,1.0,2960,0.4771115409413282,6204,1.0,2440,0.39329464861379754
official_test,ISO,1,0.01,0.1,6204,12408,5400,0.43520309477756286,1.0,0.630722114764668,12408,0.315361057382334,0.26998710509348806,1.0,1.0,1.0,6204,1.0,2960,0.4771115409413282,6204,1.0,2440,0.39329464861379754
official_test,ISO,1,0.02,0.1,6204,12408,5400,0.43520309477756286,1.0,0.630722114764668,12408,0.315361057382334,0.26998710509348806,1.0,1.0,1.0,6204,1.0,2960,0.4771115409413282,6204,1.0,2440,0.39329464861379754
official_test,ISO,1,0.03,0.1,6204,12408,5400,0.43520309477756286,1.0,0.630722114764668,12408,0.315361057382334,0.26998710509348806,1.0,1.0,1.0,6204,1.0,2960,0.4771115409413282,6204,1.0,2440,0.39329464861379754
official_test,ISO,1,0.04,0.1,6204,12408,5400,0.43520309477756286,1.0,0.630722114764668,12408,0.315361057382334,0.26998710509348806,1.0,1.0,1.0,6204,1.0,2960,0.4771115409413282,6204,1.0,2440,0.39329464861379754
official_test,ISO,1,0.05,0.1,6204,12408,5400,0.43520309477756286,1.0,0.630722114764668,12408,0.315361057382334,0.26998710509348806,1.0,1.0,1.0,6204,1.0,2960,0.4771115409413282,6204,1.0,2440,0.39329464861379754
official_test,ISO,1,0.06,0.1,6204,12408,5400,0.43520309477756286,1.0,0.630722114764668,12408,0.315361057382334,0.26998710509348806,1.0,1.0,1.0,6204,1.0,2960,0.4771115409413282,6204,1.0,2440,0.39329464861379754
official_test,ISO,1,0.07,0.1,6204,12408,5400,0.43520309477756286,1.0,0.630722114764668,12408,0.315361057382334,0.26998710509348806,1.0,1.0,1.0,6204,1.0,2960,0.4771115409413282,6204,1.0,2440,0.39329464861379754
official_test,ISO,1,0.08,0.1,6204,12408,5400,0.43520309477756286,1.0,0.630722114764668,12408,0.315361057382334,0.26998710509348806,1.0,1.0,1.0,6204,1.0,2960,0.4771115409413282,6204,1.0,2440,0.39329464861379754
official_test,ISO,1,0.09,0.1,6204,12408,5400,0.43520309477756286,1.0,0.630722114764668,12408,0.315361057382334,0.26998710509348806,1.0,1.0,1.0,6204,1.0,2960,0.4771115409413282,6204,1.0,2440,0.39329464861379754
official_test,ISO,1,0.1,0.1,6204,12408,5400,0.43520309477756286,1.0,0.630722114764668,12408,0.315361057382334,0.26998710509348806,1.0,1.0,1.0,6204,1.0,2960,0.4771115409413282,6204,1.0,2440,0.39329464861379754
official_test,ISO,1,0.11,0.1,6204,12408,5400,0.43520309477756286,1.0,0.630722114764668,12408,0.315361057382334,0.26998710509348806,1.0,1.0,1.0,6204,1.0,2960,0.4771115409413282,6204,1.0,2440,0.39329464861379754
official_test,ISO,1,0.12,0.1,6204,12408,5400,0.43520309477756286,1.0,0.630722114764668,12408,0.315361057382334,0.26998710509348806,1.0,1.0,1.0,6204,1.0,2960,0.4771115409413282,6204,1.0,2440,0.39329464861379754
official_test,ISO,1,0.13,0.1,6204,12408,5400,0.43520309477756286,1.0,0.630722114764668,12408,0.315361057382334,0.26998710509348806,1.0,1.0,1.0,6204,1.0,2960,0.4771115409413282,6204,1.0,2440,0.39329464861379754
official_test,ISO,1,0.14,0.1,6204,12408,5400,0.43520309477756286,1.0,0.630722114764668,12408,0.315361057382334,0.26998710509348806,1.0,1.0,1.0,6204,1.0,2960,0.4771115409413282,6204,1.0,2440,0.39329464861379754
official_test,ISO,1,0.15,0.1,6204,12408,5400,0.43520309477756286,1.0,0.630722114764668,12408,0.315361057382334,0.26998710509348806,1.0,1.0,1.0,6204,1.0,2960,0.4771115409413282,6204,1.0,2440,0.39329464861379754
official_test,ISO,1,0.16,0.1,6204,12408,5400,0.43520309477756286,1.0,0.630722114764668,12408,0.315361057382334,0.26998710509348806,1.0,1.0,1.0,6204,1.0,2960,0.4771115409413282,6204,1.0,2440,0.39329464861379754
official_test,ISO,1,0.17,0.1,6204,12408,5400,0.43520309477756286,1.0,0.630722114764668,12408,0.315361057382334,0.26998710509348806,1.0,1.0,1.0,6204,1.0,2960,0.4771115409413282,6204,1.0,2440,0.39329464861379754
official_test,ISO,1,0.18,0.1,6204,12408,5400,0.43520309477756286,1.0,0.630722114764668,12408,0.315361057382334,0.26998710509348806,1.0,1.0,1.0,6204,1.0,2960,0.4771115409413282,6204,1.0,2440,0.39329464861379754
official_test,ISO,1,0.19,0.1,6204,12408,5400,0.43520309477756286,1.0,0.630722114764668,12408,0.315361057382334,0.26998710509348806,1.0,1.0,1.0,6204,1.0,2960,0.4771115409413282,6204,1.0,2440,0.39329464861379754
official_test,ISO,1,0.2,0.1,6204,12408,5402,0.43536428110896197,1.0,0.630722114764668,12408,0.315361057382334,0.26998710509348806,1.0,1.0,1.0,6204,1.0,2960,0.4771115409413282,6204,1.0,2442,0.39361702127659576
official_test,ISO,1,0.21,0.1,6204,12408,5402,0.43536428110896197,1.0,0.630722114764668,12408,0.315361057382334,0.26998710509348806,1.0,1.0,1.0,6204,1.0,2960,0.4771115409413282,6204,1.0,2442,0.39361702127659576
official_test,ISO,1,0.22,0.1,6204,12408,5402,0.43536428110896197,1.0,0.630722114764668,12408,0.315361057382334,0.26998710509348806,1.0,1.0,1.0,6204,1.0,2960,0.4771115409413282,6204,1.0,2442,0.39361702127659576
official_test,ISO,1,0.23,0.1,6204,12408,5402,0.43536428110896197,1.0,0.630722114764668,12408,0.315361057382334,0.26998710509348806,1.0,1.0,1.0,6204,1.0,2960,0.4771115409413282,6204,1.0,2442,0.39361702127659576
official_test,ISO,1,0.24,0.1,6204,12408,5402,0.43536428110896197,1.0,0.630722114764668,12408,0.315361057382334,0.26998710509348806,1.0,1.0,1.0,6204,1.0,2960,0.4771115409413282,6204,1.0,2442,0.39361702127659576
official_test,ISO,1,0.25,0.1,6204,12408,5402,0.43536428110896197,1.0,0.630722114764668,12408,0.315361057382334,0.26998710509348806,1.0,1.0,1.0,6204,1.0,2960,0.4771115409413282,6204,1.0,2442,0.39361702127659576
official_test,ISO,1,0.26,0.1,6204,12408,5402,0.43536428110896197,1.0,0.630722114764668,12408,0.315361057382334,0.26998710509348806,1.0,1.0,1.0,6204,1.0,2960,0.4771115409413282,6204,1.0,2442,0.39361702127659576
official_test,ISO,1,0.27,0.1,6204,12408,5402,0.43536428110896197,1.0,0.630722114764668,12408,0.315361057382334,0.26998710509348806,1.0,1.0,1.0,6204,1.0,2960,0.4771115409413282,6204,1.0,2442,0.39361702127659576
official_test,ISO,1,0.28,0.1,6204,12408,5402,0.43536428110896197,1.0,0.630722114764668,12408,0.315361057382334,0.26998710509348806,1.0,1.0,1.0,6204,1.0,2960,0.4771115409413282,6204,1.0,2442,0.39361702127659576
official_test,ISO,1,0.29,0.1,6204,12408,5402,0.43536428110896197,1.0,0.630722114764668,12408,0.315361057382334,0.26998710509348806,1.0,1.0,1.0,6204,1.0,2960,0.4771115409413282,6204,1.0,2442,0.39361702127659576
official_test,ISO,1,0.3,0.1,6204,12408,5402,0.43536428110896197,1.0,0.630722114764668,12408,0.315361057382334,0.26998710509348806,1.0,1.0,1.0,6204,1.0,2960,0.4771115409413282,6204,1.0,2442,0.39361702127659576
official_test,ISO,1,0.31,0.1,6204,12396,5398,0.43546305259761214,0.9990328820116054,0.6299161831076725,12396,0.3152629880606647,0.2696647324306899,1.0,1.001934235976789,1.0,6192,0.9980657640232108,2956,0.47739018087855295,6204,1.0,2442,0.39361702127659576
official_test,ISO,1,0.32,0.1,6204,12396,5398,0.43546305259761214,0.9990328820116054,0.6299161831076725,12396,0.3152629880606647,0.2696647324306899,1.0,1.001934235976789,1.0,6192,0.9980657640232108,2956,0.47739018087855295,6204,1.0,2442,0.39361702127659576
official_test,ISO,1,0.33,0.1,6204,12396,5398,0.43546305259761214,0.9990328820116054,0.6299161831076725,12396,0.3152629880606647,0.2696647324306899,1.0,1.001934235976789,1.0,6192,0.9980657640232108,2956,0.47739018087855295,6204,1.0,2442,0.39361702127659576
official_test,ISO,1,0.34,0.1,6204,12396,5398,0.43546305259761214,0.9990328820116054,0.6299161831076725,12396,0.3152629880606647,0.2696647324306899,1.0,1.001934235976789,1.0,6192,0.9980657640232108,2956,0.47739018087855295,6204,1.0,2442,0.39361702127659576
official_test,ISO,1,0.35,0.1,6204,12396,5398,0.43546305259761214,0.9990328820116054,0.6299161831076725,12396,0.3152629880606647,0.2696647324306899,1.0,1.001934235976789,1.0,6192,0.9980657640232108,2956,0.47739018087855295,6204,1.0,2442,0.39361702127659576
official_test,ISO,1,0.36,0.1,6204,12396,5398,0.43546305259761214,0.9990328820116054,0.6299161831076725,12396,0.3152629880606647,0.2696647324306899,1.0,1.001934235976789,1.0,6192,0.9980657640232108,2956,0.47739018087855295,6204,1.0,2442,0.39361702127659576
official_test,ISO,1,0.37,0.1,6204,12396,5398,0.43546305259761214,0.9990328820116054,0.6299161831076725,12396,0.3152629880606647,0.2696647324306899,1.0,1.001934235976789,1.0,6192,0.9980657640232108,2956,0.47739018087855295,6204,1.0,2442,0.39361702127659576
official_test,ISO,1,0.38,0.1,6204,12394,5398,0.43553332257543975,0.9988716956802063,0.6299161831076725,12394,0.3153138615459093,0.2696647324306899,1.0,1.0022566086395874,1.0,6190,0.9977433913604127,2956,0.4775444264943457,6204,1.0,2442,0.39361702127659576
official_test,ISO,1,0.39,0.1,6204,12394,5427,0.4378731644344037,0.9988716956802063,0.6075112830431979,12394,0.3040987574632887,0.2664410058027079,1.0,1.0022566086395874,1.0,6190,0.9977433913604127,2956,0.4775444264943457,6204,1.0,2471,0.39829142488716957
official_test,ISO,1,0.4,0.1,6204,12394,5426,0.4377924802323705,0.9988716956802063,0.6067053513862024,12394,0.30369533645312247,0.2664410058027079,1.0,1.0022566086395874,1.0,6190,0.9977433913604127,2956,0.4775444264943457,6204,1.0,2470,0.39813023855577045
official_test,ISO,1,0.41,0.1,6204,12394,5437,0.43868000645473615,0.9988716956802063,0.6005802707930368,12394,0.3006293367758593,0.2657962604771115,1.0,1.0022566086395874,1.0,6190,0.9977433913604127,2956,0.4775444264943457,6204,1.0,2481,0.39990328820116056
official_test,ISO,1,0.42,0.1,6204,12394,5444,0.43924479586896886,0.9988716956802063,0.5938104448742747,12394,0.2972406002904631,0.26531270148291425,1.0,1.0022566086395874,1.0,6190,0.9977433913604127,2956,0.4775444264943457,6204,1.0,2488,0.4010315925209542
official_test,ISO,1,0.43,0.1,6204,12394,5454,0.4400516378893013,0.9988716956802063,0.59107027724049,12394,0.29586896885589803,0.26515151515151514,1.0,1.0022566086395874,1.0,6190,0.9977433913604127,2956,0.4775444264943457,6204,1.0,2498,0.4026434558349452
official_test,ISO,1,0.44,0.1,6204,12394,5482,0.44231079554623204,0.9988716956802063,0.5857511283043197,12394,0.293206390188801,0.26466795615731786,1.0,1.0022566086395874,1.0,6190,0.9977433913604127,2956,0.4775444264943457,6204,1.0,2526,0.4071566731141199
official_test,ISO,1,0.45,0.1,6204,12394,5516,0.4450540584153623,0.9988716956802063,0.5755963894261766,12394,0.2881232854607068,0.26370083816892326,1.0,1.0022566086395874,1.0,6190,0.9977433913604127,2956,0.4775444264943457,6204,1.0,2560,0.4126370083816892
official_test,ISO,1,0.46,0.1,6204,12394,5855,0.47240600290463125,0.9988716956802063,0.4379432624113475,12394,0.21921897692431822,0.2377498388136686,1.0,1.0022566086395874,1.0,6190,0.9977433913604127,2956,0.4775444264943457,6204,1.0,2899,0.46727917472598324
official_test,ISO,1,0.47,0.1,6204,12394,5855,0.47240600290463125,0.9988716956802063,0.4379432624113475,12394,0.21921897692431822,0.2377498388136686,1.0,1.0022566086395874,1.0,6190,0.9977433913604127,2956,0.4775444264943457,6204,1.0,2899,0.46727917472598324
official_test,ISO,1,0.48,0.1,6204,12394,5855,0.47240600290463125,0.9988716956802063,0.4379432624113475,12394,0.21921897692431822,0.2377498388136686,1.0,1.0022566086395874,1.0,6190,0.9977433913604127,2956,0.4775444264943457,6204,1.0,2899,0.46727917472598324
official_test,ISO,1,0.49,0.1,6204,11771,5528,0.46962874861948856,0.9486621534493875,0.420535138620245,11771,0.22164641916574632,0.22872340425531915,0.9924242424242424,1.102675693101225,1.0,5614,0.9049000644745325,2660,0.47381546134663344,6157,0.9924242424242424,2868,0.4658112717232418
official_test,ISO,1,0.5,0.1,6204,11767,5527,0.4697034078354721,0.9483397807865893,0.4203739522888459,11767,0.22163678082773858,0.22888459058671826,0.9921018697614442,1.1033204384268214,1.0,5612,0.9045776918117344,2660,0.47398431931575197,6155,0.9921018697614442,2867,0.465800162469537
official_test,ISO,1,0.51,0.1,6204,11580,5436,0.4694300518134715,0.9332688588007737,0.4148936170212766,11580,0.22227979274611398,0.2259832366215345,0.9871050934880722,1.1334622823984526,1.0,5456,0.8794326241134752,2588,0.4743401759530792,6124,0.9871050934880722,2848,0.465055519268452
official_test,ISO,1,0.52,0.1,6204,11347,5300,0.4670838106988631,0.9144906511927788,0.40683430045132174,11347,0.22243764871772276,0.22147001934235977,0.9798517085751128,1.1710186976144423,1.0,5268,0.8491295938104448,2490,0.47266514806378135,6079,0.9798517085751128,2810,0.4622470801118605
official_test,ISO,1,0.53,0.1,6204,11192,5225,0.46685132237312366,0.9019987105093488,0.4031270148291425,11192,0.22346318799142245,0.2192134107027724,0.9732430689877498,1.1960025789813025,1.0,5154,0.8307543520309478,2434,0.4722545595653861,6038,0.9732430689877498,2791,0.46223915203709837
official_test,ISO,1,0.54,0.1,6204,10794,5031,0.4660922734852696,0.8699226305609284,0.38684719535783363,10794,0.22234574763757642,0.21212121212121213,0.9587362991618311,1.260154738878143,1.0,4846,0.7811089619600258,2292,0.4729673957903425,5948,0.9587362991618311,2739,0.4604909213180901
official_test,ISO,1,0.55,0.1,6204,10183,4729,0.46440145340273004,0.8206802063185042,0.36750483558994196,10183,0.22390258273593244,0.20325596389426176,0.9285944551901999,1.3586395873629915,1.0,4422,0.7127659574468085,2094,0.4735413839891452,5761,0.9285944551901999,2635,0.45738587050859225
official_test,ISO,1,0.56,0.1,6204,913,150,0.16429353778751368,0.07358156028368794,0.0006447453255963894,913,0.004381161007667032,0.0003223726627981947,0.10235332043842682,2.852836879432624,1.0,278,0.044809800128949064,48,0.17266187050359713,635,0.10235332043842682,102,0.16062992125984252
official_test,ISO,1,0.57,0.1,6204,913,150,0.16429353778751368,0.07358156028368794,0.0006447453255963894,913,0.004381161007667032,0.0003223726627981947,0.10235332043842682,2.852836879432624,1.0,278,0.044809800128949064,48,0.17266187050359713,635,0.10235332043842682,102,0.16062992125984252
official_test,ISO,1,0.58,0.1,6204,913,150,0.16429353778751368,0.07358156028368794,0.0006447453255963894,913,0.004381161007667032,0.0003223726627981947,0.10235332043842682,2.852836879432624,1.0,278,0.044809800128949064,48,0.17266187050359713,635,0.10235332043842682,102,0.16062992125984252
official_test,ISO,1,0.59,0.1,6204,913,150,0.16429353778751368,0.07358156028368794,0.0006447453255963894,913,0.004381161007667032,0.0003223726627981947,0.10235332043842682,2.852836879432624,1.0,278,0.044809800128949064,48,0.17266187050359713,635,0.10235332043842682,102,0.16062992125984252
official_test,ISO,1,0.6,0.1,6204,913,150,0.16429353778751368,0.07358156028368794,0.0006447453255963894,913,0.004381161007667032,0.0003223726627981947,0.10235332043842682,2.852836879432624,1.0,278,0.044809800128949064,48,0.17266187050359713,635,0.10235332043842682,102,0.16062992125984252
official_test,ISO,1,0.61,0.1,6204,911,148,0.16245883644346873,0.07342037395228884,0.0003223726627981947,911,0.0021953896816684962,0.0,0.10203094777562863,2.853159252095422,1.0,278,0.044809800128949064,48,0.17266187050359713,633,0.10203094777562863,100,0.1579778830963665
official_test,ISO,1,0.62,0.1,6204,911,148,0.16245883644346873,0.07342037395228884,0.0003223726627981947,911,0.0021953896816684962,0.0,0.10203094777562863,2.853159252095422,1.0,278,0.044809800128949064,48,0.17266187050359713,633,0.10203094777562863,100,0.1579778830963665
official_test,ISO,1,0.63,0.1,6204,911,148,0.16245883644346873,0.07342037395228884,0.0003223726627981947,911,0.0021953896816684962,0.0,0.10203094777562863,2.853159252095422,1.0,278,0.044809800128949064,48,0.17266187050359713,633,0.10203094777562863,100,0.1579778830963665
official_test,ISO,1,0.64,0.1,6204,911,148,0.16245883644346873,0.07342037395228884,0.0003223726627981947,911,0.0021953896816684962,0.0,0.10203094777562863,2.853159252095422,1.0,278,0.044809800128949064,48,0.17266187050359713,633,0.10203094777562863,100,0.1579778830963665
official_test,ISO,1,0.65,0.1,6204,911,148,0.16245883644346873,0.07342037395228884,0.0003223726627981947,911,0.0021953896816684962,0.0,0.10203094777562863,2.853159252095422,1.0,278,0.044809800128949064,48,0.17266187050359713,633,0.10203094777562863,100,0.1579778830963665
official_test,ISO,1,0.66,0.1,6204,911,148,0.16245883644346873,0.07342037395228884,0.0003223726627981947,911,0.0021953896816684962,0.0,0.10203094777562863,2.853159252095422,1.0,278,0.044809800128949064,48,0.17266187050359713,633,0.10203094777562863,100,0.1579778830963665
official_test,ISO,1,0.67,0.1,6204,911,148,0.16245883644346873,0.07342037395228884,0.0003223726627981947,911,0.0021953896816684962,0.0,0.10203094777562863,2.853159252095422,1.0,278,0.044809800128949064,48,0.17266187050359713,633,0.10203094777562863,100,0.1579778830963665
official_test,ISO,1,0.68,0.1,6204,911,148,0.16245883644346873,0.07342037395228884,0.0003223726627981947,911,0.0021953896816684962,0.0,0.10203094777562863,2.853159252095422,1.0,278,0.044809800128949064,48,0.17266187050359713,633,0.10203094777562863,100,0.1579778830963665
official_test,ISO,1,0.69,0.1,6204,911,148,0.16245883644346873,0.07342037395228884,0.0003223726627981947,911,0.0021953896816684962,0.0,0.10203094777562863,2.853159252095422,1.0,278,0.044809800128949064,48,0.17266187050359713,633,0.10203094777562863,100,0.1579778830963665
official_test,ISO,1,0.7,0.1,6204,911,148,0.16245883644346873,0.07342037395228884,0.0003223726627981947,911,0.0021953896816684962,0.0,0.10203094777562863,2.853159252095422,1.0,278,0.044809800128949064,48,0.17266187050359713,633,0.10203094777562863,100,0.1579778830963665
official_test,ISO,1,0.71,0.1,6204,911,148,0.16245883644346873,0.07342037395228884,0.0003223726627981947,911,0.0021953896816684962,0.0,0.10203094777562863,2.853159252095422,1.0,278,0.044809800128949064,48,0.17266187050359713,633,0.10203094777562863,100,0.1579778830963665
official_test,ISO,1,0.72,0.1,6204,911,148,0.16245883644346873,0.07342037395228884,0.0003223726627981947,911,0.0021953896816684962,0.0,0.10203094777562863,2.853159252095422,1.0,278,0.044809800128949064,48,0.17266187050359713,633,0.10203094777562863,100,0.1579778830963665
official_test,ISO,1,0.73,0.1,6204,911,148,0.16245883644346873,0.07342037395228884,0.0003223726627981947,911,0.0021953896816684962,0.0,0.10203094777562863,2.853159252095422,1.0,278,0.044809800128949064,48,0.17266187050359713,633,0.10203094777562863,100,0.1579778830963665
official_test,ISO,1,0.74,0.1,6204,911,148,0.16245883644346873,0.07342037395228884,0.0003223726627981947,911,0.0021953896816684962,0.0,0.10203094777562863,2.853159252095422,1.0,278,0.044809800128949064,48,0.17266187050359713,633,0.10203094777562863,100,0.1579778830963665
official_test,ISO,1,0.75,0.1,6204,911,148,0.16245883644346873,0.07342037395228884,0.0003223726627981947,911,0.0021953896816684962,0.0,0.10203094777562863,2.853159252095422,1.0,278,0.044809800128949064,48,0.17266187050359713,633,0.10203094777562863,100,0.1579778830963665
official_test,ISO,1,0.76,0.1,6204,911,148,0.16245883644346873,0.07342037395228884,0.0003223726627981947,911,0.0021953896816684962,0.0,0.10203094777562863,2.853159252095422,1.0,278,0.044809800128949064,48,0.17266187050359713,633,0.10203094777562863,100,0.1579778830963665
official_test,ISO,1,0.77,0.1,6204,911,148,0.16245883644346873,0.07342037395228884,0.0003223726627981947,911,0.0021953896816684962,0.0,0.10203094777562863,2.853159252095422,1.0,278,0.044809800128949064,48,0.17266187050359713,633,0.10203094777562863,100,0.1579778830963665
official_test,ISO,1,0.78,0.1,6204,911,148,0.16245883644346873,0.07342037395228884,0.0003223726627981947,911,0.0021953896816684962,0.0,0.10203094777562863,2.853159252095422,1.0,278,0.044809800128949064,48,0.17266187050359713,633,0.10203094777562863,100,0.1579778830963665
official_test,ISO,1,0.79,0.1,6204,911,148,0.16245883644346873,0.07342037395228884,0.0003223726627981947,911,0.0021953896816684962,0.0,0.10203094777562863,2.853159252095422,1.0,278,0.044809800128949064,48,0.17266187050359713,633,0.10203094777562863,100,0.1579778830963665
official_test,ISO,1,0.8,0.1,6204,911,148,0.16245883644346873,0.07342037395228884,0.0003223726627981947,911,0.0021953896816684962,0.0,0.10203094777562863,2.853159252095422,1.0,278,0.044809800128949064,48,0.17266187050359713,633,0.10203094777562863,100,0.1579778830963665
official_test,ISO,1,0.81,0.1,6204,911,148,0.16245883644346873,0.07342037395228884,0.0003223726627981947,911,0.0021953896816684962,0.0,0.10203094777562863,2.853159252095422,1.0,278,0.044809800128949064,48,0.17266187050359713,633,0.10203094777562863,100,0.1579778830963665
official_test,ISO,1,0.82,0.1,6204,911,148,0.16245883644346873,0.07342037395228884,0.0003223726627981947,911,0.0021953896816684962,0.0,0.10203094777562863,2.853159252095422,1.0,278,0.044809800128949064,48,0.17266187050359713,633,0.10203094777562863,100,0.1579778830963665
official_test,ISO,1,0.83,0.1,6204,0,0,,0.0,0.0,0,,0.0,0.0,3.0,1.0,0,0.0,0,,0,0.0,0,
official_test,ISO,1,0.84,0.1,6204,0,0,,0.0,0.0,0,,0.0,0.0,3.0,1.0,0,0.0,0,,0,0.0,0,
official_test,ISO,1,0.85,0.1,6204,0,0,,0.0,0.0,0,,0.0,0.0,3.0,1.0,0,0.0,0,,0,0.0,0,
official_test,ISO,1,0.86,0.1,6204,0,0,,0.0,0.0,0,,0.0,0.0,3.0,1.0,0,0.0,0,,0,0.0,0,
official_test,ISO,1,0.87,0.1,6204,0,0,,0.0,0.0,0,,0.0,0.0,3.0,1.0,0,0.0,0,,0,0.0,0,
official_test,ISO,1,0.88,0.1,6204,0,0,,0.0,0.0,0,,0.0,0.0,3.0,1.0,0,0.0,0,,0,0.0,0,
official_test,ISO,1,0.89,0.1,6204,0,0,,0.0,0.0,0,,0.0,0.0,3.0,1.0,0,0.0,0,,0,0.0,0,
official_test,ISO,1,0.9,0.1,6204,0,0,,0.0,0.0,0,,0.0,0.0,3.0,1.0,0,0.0,0,,0,0.0,0,
official_test,ISO,1,0.91,0.1,6204,0,0,,0.0,0.0,0,,0.0,0.0,3.0,1.0,0,0.0,0,,0,0.0,0,
official_test,ISO,1,0.92,0.1,6204,0,0,,0.0,0.0,0,,0.0,0.0,3.0,1.0,0,0.0,0,,0,0.0,0,
official_test,ISO,1,0.93,0.1,6204,0,0,,0.0,0.0,0,,0.0,0.0,3.0,1.0,0,0.0,0,,0,0.0,0,
official_test,ISO,1,0.94,0.1,6204,0,0,,0.0,0.0,0,,0.0,0.0,3.0,1.0,0,0.0,0,,0,0.0,0,
official_test,ISO,1,0.95,0.1,6204,0,0,,0.0,0.0,0,,0.0,0.0,3.0,1.0,0,0.0,0,,0,0.0,0,
official_test,ISO,1,0.96,0.1,6204,0,0,,0.0,0.0,0,,0.0,0.0,3.0,1.0,0,0.0,0,,0,0.0,0,
official_test,ISO,1,0.97,0.1,6204,0,0,,0.0,0.0,0,,0.0,0.0,3.0,1.0,0,0.0,0,,0,0.0,0,
official_test,ISO,1,0.98,0.1,6204,0,0,,0.0,0.0,0,,0.0,0.0,3.0,1.0,0,0.0,0,,0,0.0,0,
official_test,ISO,1,0.99,0.1,6204,0,0,,0.0,0.0,0,,0.0,0.0,3.0,1.0,0,0.0,0,,0,0.0,0,
official_test,ISO,1,1.0,0.1,6204,0,0,,0.0,0.0,0,,0.0,0.0,3.0,1.0,0,0.0,0,,0,0.0,0,
